{
  "$schema": "https://git.carvel.li/liza/Questionable/raw/branch/master/QuestPaths/quest-v1.json",
  "Author": "Cacahuetes",
  "QuestSequence": [
    {
      "Sequence": 0,
      "Steps": [
        {
          "DataId": 1000352,
          "Position": {
            "X": 65.69006,
            "Y": 8,
            "Z": -147.41742
          },
          "TerritoryId": 133,
          "InteractionType": "AcceptQuest"
        }
      ]
    },
    {
      "Sequence": 255,
      "Steps": [
        {
          "DataId": 1000691,
          "Position": {
            "X": 71.97681,
            "Y": 8,
            "Z": -166.52173
          },
          "TerritoryId": 133,
          "InteractionType": "CompleteQuest",
          "DialogueChoices": [
            {
              "Type": "YesNo",
              "Prompt": "TEXT_CLSTAN000_00105_Q1_000_1",
              "Yes": true
            }
          ]
        }
      ]
    }
  ]
}
