﻿{
  "$schema": "https://git.carvel.li/liza/Questionable/raw/branch/master/QuestPaths/quest-v1.json",
  "Author": "liza",
  "QuestSequence": [
    {
      "Sequence": 0,
      "Steps": [
        {
          "TerritoryId": 128,
          "InteractionType": "EquipItem",
          "ItemId": 4550,
          "AetheryteShortcut": "Limsa Lominsa",
          "AethernetShortcut": [
            "[Limsa Lominsa] Aetheryte Plaza",
            "[Limsa Lominsa] Marauders' Guild"
          ],
          "SkipConditions": {
            "AetheryteShortcutIf": {
              "InSameTerritory": true,
              "InTerritory": [
                128
              ]
            }
          }
        },
        {
          "DataId": 1006757,
          "Position": {
            "X": -4.4709473,
            "Y": 44.999886,
            "Z": -250.56848
          },
          "TerritoryId": 128,
          "InteractionType": "AcceptQuest"
        }
      ]
    },
    {
      "Sequence": 1,
      "Steps": [
        {
          "Position": {
            "X": -337.73785,
            "Y": 59.519302,
            "Z": -120.80934
          },
          "TerritoryId": 180,
          "InteractionType": "WalkTo",
          "AetheryteShortcut": "Outer La Noscea - Camp Overlook",
          "SkipConditions": {
            "AetheryteShortcutIf": {
              "InSameTerritory": true
            },
            "StepIf": {
              "CompletionQuestVariablesFlags": [
                null,
                null,
                null,
                null,
                null,
                64
              ]
            }
          }
        },
        {
          "DataId": 2002380,
          "Position": {
            "X": -338.8877,
            "Y": 61.722656,
            "Z": -120.25641
          },
          "TerritoryId": 180,
          "InteractionType": "Interact",
          "IgnoreDistanceToObject": true,
          "CompletionQuestVariablesFlags": [
            null,
            null,
            null,
            null,
            null,
            64
          ]
        },
        {
          "Position": {
            "X": -275.93335,
            "Y": 64.09534,
            "Z": -197.701
          },
          "TerritoryId": 180,
          "InteractionType": "WalkTo",
          "Fly": true,
          "SkipConditions": {
            "StepIf": {
              "CompletionQuestVariablesFlags": [
                null,
                null,
                null,
                null,
                null,
                128
              ]
            }
          }
        },
        {
          "DataId": 2002379,
          "Position": {
            "X": -274.28094,
            "Y": 65.81213,
            "Z": -196.97876
          },
          "TerritoryId": 180,
          "InteractionType": "Interact",
          "CompletionQuestVariablesFlags": [
            null,
            null,
            null,
            null,
            null,
            128
          ]
        },
        {
          "Position": {
            "X": -326.9142,
            "Y": 64.60336,
            "Z": -267.98495
          },
          "TerritoryId": 180,
          "InteractionType": "WalkTo",
          "Fly": true,
          "SkipConditions": {
            "StepIf": {
              "CompletionQuestVariablesFlags": [
                null,
                null,
                null,
                null,
                null,
                16
              ]
            }
          }
        },
        {
          "DataId": 2002382,
          "Position": {
            "X": -327.87067,
            "Y": 65.87317,
            "Z": -267.59753
          },
          "TerritoryId": 180,
          "InteractionType": "Interact",
          "CompletionQuestVariablesFlags": [
            null,
            null,
            null,
            null,
            null,
            16
          ]
        },
        {
          "Position": {
            "X": -360.0172,
            "Y": 65.166664,
            "Z": -312.24045
          },
          "TerritoryId": 180,
          "InteractionType": "WalkTo",
          "Fly": true,
          "SkipConditions": {
            "StepIf": {
              "CompletionQuestVariablesFlags": [
                null,
                null,
                null,
                null,
                null,
                32
              ]
            }
          }
        },
        {
          "DataId": 2002381,
          "Position": {
            "X": -360.55542,
            "Y": 66.33093,
            "Z": -310.87207
          },
          "TerritoryId": 180,
          "InteractionType": "Interact",
          "CompletionQuestVariablesFlags": [
            null,
            null,
            null,
            null,
            null,
            32
          ]
        }
      ]
    },
    {
      "Sequence": 2,
      "Steps": [
        {
          "DataId": 2002383,
          "Position": {
            "X": -437.94922,
            "Y": 51.377075,
            "Z": -321.24823
          },
          "TerritoryId": 180,
          "InteractionType": "Interact",
          "Fly": true
        }
      ]
    },
    {
      "Sequence": 255,
      "Steps": [
        {
          "DataId": 1006757,
          "Position": {
            "X": -4.4709473,
            "Y": 44.999886,
            "Z": -250.56848
          },
          "TerritoryId": 128,
          "InteractionType": "CompleteQuest",
          "AetheryteShortcut": "Limsa Lominsa",
          "AethernetShortcut": [
            "[Limsa Lominsa] Aetheryte Plaza",
            "[Limsa Lominsa] Marauders' Guild"
          ],
          "NextQuestId": 1099
        }
      ]
    }
  ]
}
