﻿{
  "$schema": "https://git.carvel.li/liza/Questionable/raw/branch/master/QuestPaths/quest-v1.json",
  "Author": "liza",
  "QuestSequence": [
    {
      "Sequence": 0,
      "Steps": [
        {
          "DataId": 1006757,
          "Position": {
            "X": -4.4709473,
            "Y": 44.999886,
            "Z": -250.56848
          },
          "TerritoryId": 128,
          "InteractionType": "AcceptQuest",
          "AetheryteShortcut": "Limsa Lominsa",
          "AethernetShortcut": [
            "[Limsa Lominsa] Aetheryte Plaza",
            "[Limsa Lominsa] Marauders' Guild"
          ],
          "SkipConditions": {
            "AetheryteShortcutIf": {
              "InSameTerritory": true,
              "InTerritory": [
                128
              ]
            }
          }
        }
      ]
    },
    {
      "Sequence": 1,
      "Steps": [
        {
          "DataId": 1007837,
          "Position": {
            "X": 256.82446,
            "Y": -3.0527449,
            "Z": 60.9292
          },
          "TerritoryId": 139,
          "InteractionType": "SinglePlayerDuty",
          "AetheryteShortcut": "Upper La Noscea - Camp Bronze Lake",
          "Fly": true
        }
      ]
    },
    {
      "Sequence": 2,
      "Steps": [
        {
          "DataId": 1007845,
          "Position": {
            "X": 256.33618,
            "Y": -3.2069032,
            "Z": 58.091064
          },
          "StopDistance": 5,
          "TerritoryId": 139,
          "InteractionType": "Interact"
        }
      ]
    },
    {
      "Sequence": 255,
      "Steps": [
        {
          "DataId": 1006757,
          "Position": {
            "X": -4.4709473,
            "Y": 44.999886,
            "Z": -250.56848
          },
          "TerritoryId": 128,
          "InteractionType": "CompleteQuest",
          "AetheryteShortcut": "Limsa Lominsa",
          "AethernetShortcut": [
            "[Limsa Lominsa] Aetheryte Plaza",
            "[Limsa Lominsa] Marauders' Guild"
          ],
          "NextQuestId": 1100
        }
      ]
    }
  ]
}
