{
  "$schema": "https://git.carvel.li/liza/Questionable/raw/branch/master/QuestPaths/quest-v1.json",
  "Author": "plogon_enjoyer",
  "QuestSequence": [
    {
      "Sequence": 0,
      "Steps": [
        {
          "DataId": 1006749,
          "Position": {
            "X": -30.47229,
            "Y": 13.599918,
            "Z": 95.26196
          },
          "TerritoryId": 131,
          "InteractionType": "AcceptQuest",
          "AetheryteShortcut": "Ul'dah",
          "AethernetShortcut": [
            "[Ul'dah] Aetheryte Plaza",
            "[Ul'dah] Goldsmiths' Guild"
          ],
          "SkipConditions": {
            "AetheryteShortcutIf": {
              "InTerritory": [
                130,
                131
              ]
            },
            "AethernetShortcutIf": {
              "InSameTerritory": true
            }
          }
        }
      ]
    },
    {
      "Sequence": 1,
      "Steps": [
        {
          "DataId": 2002445,
          "Position": {
            "X": 3.1585693,
            "Y": 20.58435,
            "Z": -13.16864
          },
          "TerritoryId": 152,
          "InteractionType": "UseItem",
          "ItemId": 2000820,
          "AetheryteShortcut": "East Shroud - Hawthorne Hut",
          "Fly": true
        },
        {
          "Position": {
            "X": 3.1585693,
            "Y": 20.58435,
            "Z": -13.16864
          },
          "TerritoryId": 152,
          "InteractionType": "Combat",
          "EnemySpawnType": "OverworldEnemies",
          "CombatDelaySecondsAtStart": 0,
          "KillEnemyDataIds": [
            1927
          ]
        }
      ]
    },
    {
      "Sequence": 2,
      "Steps": [
        {
          "DataId": 2002446,
          "Position": {
            "X": 3.1585693,
            "Y": 20.58435,
            "Z": -13.16864
          },
          "TerritoryId": 152,
          "InteractionType": "Interact"
        }
      ]
    },
    {
      "Sequence": 255,
      "Steps": [
        {
          "DataId": 1006749,
          "Position": {
            "X": -30.47229,
            "Y": 13.599918,
            "Z": 95.26196
          },
          "TerritoryId": 131,
          "InteractionType": "CompleteQuest",
          "AetheryteShortcut": "Ul'dah",
          "AethernetShortcut": [
            "[Ul'dah] Aetheryte Plaza",
            "[Ul'dah] Goldsmiths' Guild"
          ],
          "NextQuestId": 1065
        }
      ]
    }
  ]
}
