{
  "$schema": "https://git.carvel.li/liza/Questionable/raw/branch/master/QuestPaths/quest-v1.json",
  "Author": "plogon_enjoyer",
  "QuestSequence": [
    {
      "Sequence": 0,
      "Steps": [
        {
          "DataId": 1003817,
          "Position": {
            "X": -74.57086,
            "Y": 1.9999951,
            "Z": -42.404846
          },
          "TerritoryId": 130,
          "InteractionType": "AcceptQuest",
          "AetheryteShortcut": "Ul'dah",
          "SkipConditions": {
            "AetheryteShortcutIf": {
              "InSameTerritory": true
            }
          }
        }
      ]
    },
    {
      "Sequence": 1,
      "Steps": [
        {
          "DataId": 1003827,
          "Position": {
            "X": -65.65961,
            "Y": 0.9481947,
            "Z": -51.98755
          },
          "TerritoryId": 130,
          "InteractionType": "Interact"
        }
      ]
    },
    {
      "Sequence": 2,
      "Steps": [
        {
          "DataId": 1003829,
          "Position": {
            "X": -147.32587,
            "Y": 25.913446,
            "Z": -359.76202
          },
          "TerritoryId": 146,
          "InteractionType": "Interact",
          "AetheryteShortcut": "Southern Thanalan - Little Ala Mhigo",
          "Fly": true
        }
      ]
    },
    {
      "Sequence": 3,
      "Steps": [
        {
          "DataId": 2001525,
          "Position": {
            "X": -203.81476,
            "Y": 27.267822,
            "Z": -351.76624
          },
          "TerritoryId": 146,
          "InteractionType": "UseItem",
          "ItemId": 2000409,
          "CompletionQuestVariablesFlags": [
            null,
            null,
            null,
            null,
            null,
            16
          ]
        },
        {
          "Position": {
            "X": -258.89648,
            "Y": 26.681297,
            "Z": -322.03738
          },
          "TerritoryId": 146,
          "InteractionType": "WalkTo",
          "Mount": true
        },
        {
          "Position": {
            "X": -102.12759,
            "Y": 14.866777,
            "Z": -187.7578
          },
          "TerritoryId": 146,
          "InteractionType": "WalkTo",
          "Fly": true
        },
        {
          "DataId": 2001523,
          "Position": {
            "X": -105.57721,
            "Y": 14.999573,
            "Z": -185.32086
          },
          "TerritoryId": 146,
          "InteractionType": "UseItem",
          "ItemId": 2000409,
          "CompletionQuestVariablesFlags": [
            null,
            null,
            null,
            null,
            null,
            64
          ]
        },
        {
          "DataId": 2001524,
          "Position": {
            "X": 197.4364,
            "Y": 15.548889,
            "Z": -450.58368
          },
          "TerritoryId": 146,
          "InteractionType": "UseItem",
          "ItemId": 2000409,
          "CompletionQuestVariablesFlags": [
            null,
            null,
            null,
            null,
            null,
            32
          ],
          "Fly": true
        },
        {
          "DataId": 2001522,
          "Position": {
            "X": 22.171326,
            "Y": 17.868286,
            "Z": -600.24414
          },
          "TerritoryId": 146,
          "InteractionType": "UseItem",
          "ItemId": 2000409,
          "Fly": true,
          "CompletionQuestVariablesFlags": [
            null,
            null,
            null,
            null,
            null,
            128
          ]
        }
      ]
    },
    {
      "Sequence": 4,
      "Steps": [
        {
          "DataId": 1003829,
          "Position": {
            "X": -147.32587,
            "Y": 25.913446,
            "Z": -359.76202
          },
          "TerritoryId": 146,
          "InteractionType": "SinglePlayerDuty",
          "AetheryteShortcut": "Southern Thanalan - Little Ala Mhigo",
          "Fly": true
        }
      ]
    },
    {
      "Sequence": 255,
      "Steps": [
        {
          "DataId": 1003817,
          "Position": {
            "X": -74.57086,
            "Y": 1.9999951,
            "Z": -42.404846
          },
          "TerritoryId": 130,
          "InteractionType": "CompleteQuest",
          "AetheryteShortcut": "Ul'dah",
          "NextQuestId": 567
        }
      ]
    }
  ]
}
