﻿{
  "$schema": "https://git.carvel.li/liza/Questionable/raw/branch/master/QuestPaths/quest-v1.json",
  "Author": "plogon_enjoyer",
  "QuestSequence": [
    {
      "Sequence": 0,
      "Steps": [
        {
          "DataId": 1003817,
          "Position": {
            "X": -74.57086,
            "Y": 1.9999951,
            "Z": -42.404846
          },
          "TerritoryId": 130,
          "InteractionType": "AcceptQuest",
          "AetheryteShortcut": "Ul'dah",
          "SkipConditions": {
            "AetheryteShortcutIf": {
              "InSameTerritory": true
            }
          }
        }
      ]
    },
    {
      "Sequence": 1,
      "Steps": [
        {
          "DataId": 2001798,
          "Position": {
            "X": -107.9017,
            "Y": 4.989685,
            "Z": -105.4603
          },
          "TerritoryId": 130,
          "InteractionType": "Action",
          "Action": "Bootshine"
        },
        {
          "DataId": 2001799,
          "Position": {
            "X": -105.6365,
            "Y": 4.9655,
            "Z": -107.5618
          },
          "TerritoryId": 130,
          "InteractionType": "Action",
          "Action": "Bootshine"
        },
        {
          "DataId": 2001800,
          "Position": {
            "X": -77.62268,
            "Y": 5.0201416,
            "Z": -128.893
          },
          "TerritoryId": 130,
          "InteractionType": "Action",
          "Action": "Bootshine"
        },
        {
          "DataId": 2001801,
          "Position": {
            "X": -74.60144,
            "Y": 4.8981323,
            "Z": -130.69354
          },
          "TerritoryId": 130,
          "InteractionType": "Action",
          "Action": "Bootshine"
        },
        {
          "DataId": 2001802,
          "Position": {
            "X": -71.42755,
            "Y": 5.0201416,
            "Z": -132.34149
          },
          "TerritoryId": 130,
          "InteractionType": "Action",
          "Action": "Bootshine"
        }
      ]
    },
    {
      "Sequence": 2,
      "Steps": [
        {
          "DataId": 1003817,
          "Position": {
            "X": -74.57086,
            "Y": 1.9999951,
            "Z": -42.404846
          },
          "TerritoryId": 130,
          "InteractionType": "Interact"
        }
      ]
    },
    {
      "Sequence": 3,
      "Steps": [
        {
          "Position": {
            "X": -210.32118,
            "Y": 21.582167,
            "Z": -94.337494
          },
          "TerritoryId": 141,
          "InteractionType": "Combat",
          "EnemySpawnType": "OverworldEnemies",
          "KillEnemyDataIds": [
            771
          ],
          "Fly": true,
          "AetheryteShortcut": "Central Thanalan - Black Brush Station",
          "CombatDelaySecondsAtStart": 0,
          "$": "Will stop once 3 Qiqirn Shellsweppers get hit by Snap Punch since it will move on to the next sequence"
        }
      ]
    },
    {
      "Sequence": 255,
      "Steps": [
        {
          "Position": {
            "X": -118.55462,
            "Y": 8.216448,
            "Z": -82.81951
          },
          "TerritoryId": 141,
          "InteractionType": "WalkTo"
        },
        {
          "DataId": 1003817,
          "Position": {
            "X": -74.57086,
            "Y": 1.9999951,
            "Z": -42.404846
          },
          "TerritoryId": 130,
          "AetheryteShortcut": "Ul'dah",
          "InteractionType": "CompleteQuest",
          "NextQuestId": 558
        }
      ]
    }
  ]
}
