{
  "$schema": "https://git.carvel.li/liza/Questionable/raw/branch/master/QuestPaths/quest-v1.json",
  "Author": "pot0to",
  "QuestSequence": [
    {
      "Sequence": 0,
      "Steps": [
        {
          "DataId": 1006750,
          "Position": {
            "X": 16.464417,
            "Y": 6.750492,
            "Z": -7.3396606
          },
          "TerritoryId": 153,
          "InteractionType": "AcceptQuest",
          "AetheryteShortcut": "South Shroud - Quarrymill",
          "Fly": true,
          "SkipConditions": {
            "AetheryteShortcutIf": {
              "InSameTerritory": true
            }
          }
        }
      ]
    },
    {
      "Sequence": 1,
      "Steps": [
        {
          "DataId": 2002365,
          "Position": {
            "X": 272.05298,
            "Y": 18.875366,
            "Z": -164.53809
          },
          "TerritoryId": 145,
          "InteractionType": "Combat",
          "EnemySpawnType": "AfterInteraction",
          "KillEnemyDataIds": [
            58
          ],
          "AetheryteShortcut": "Eastern Thanalan - Camp Drybone",
          "Fly": true,
          "SkipConditions": {
            "AetheryteShortcutIf": {
              "InSameTerritory": true
            }
          }
        }
      ]
    },
    {
      "Sequence": 255,
      "Steps": [
        {
          "DataId": 1006750,
          "Position": {
            "X": 16.464417,
            "Y": 6.750492,
            "Z": -7.3396606
          },
          "TerritoryId": 153,
          "InteractionType": "CompleteQuest",
          "AetheryteShortcut": "South Shroud - Quarrymill",
          "Fly": true,
          "SkipConditions": {
            "AetheryteShortcutIf": {
              "InSameTerritory": true
            }
          },
          "NextQuestId": 1088
        }
      ]
    }
  ]
}
