{
  "$schema": "https://git.carvel.li/liza/Questionable/raw/branch/master/QuestPaths/quest-v1.json",
  "Author": "pot0to",
  "QuestSequence": [
    {
      "Sequence": 0,
      "Steps": [
        {
          "DataId": 1000200,
          "Position": {
            "X": 209.55212,
            "Y": 0.9999819,
            "Z": 35.01941
          },
          "TerritoryId": 132,
          "InteractionType": "AcceptQuest",
          "AetheryteShortcut": "Gridania",
          "AethernetShortcut": [
            "[Gridania] Aetheryte Plaza",
            "[Gridania] Archers' Guild"
          ],
          "SkipConditions": {
            "AetheryteShortcutIf": {
              "InSameTerritory": true
            }
          }
        }
      ]
    },
    {
      "Sequence": 1,
      "Steps": [
        {
          "Position": {
            "X": 117.47766,
            "Y": 17.661993,
            "Z": -247.24017
          },
          "TerritoryId": 148,
          "InteractionType": "Combat",
          "EnemySpawnType": "OverworldEnemies",
          "ComplexCombatData": [
            {
              "DataId": 37,
              "MinimumKillCount": 3,
              "$": "Slay ground squirrels as an archer",
              "CompletionQuestVariablesFlags": [
                {
                  "Low": 3
                },
                null,
                null,
                null,
                null,
                null
              ]
            },
            {
              "DataId": 49,
              "MinimumKillCount": 3,
              "CompletionQuestVariablesFlags": [
                null,
                {
                  "High": 3
                },
                null,
                null,
                null,
                null
              ],
              "$": "Slay little ladybugs as an archer"
            }
          ],
          "AetheryteShortcut": "Gridania",
          "AethernetShortcut": [
            "[Gridania] Archers' Guild",
            "[Gridania] Blue Badger Gate (Central Shroud)"
          ],
          "SkipConditions": {
            "AetheryteShortcutIf": {
              "InSameTerritory": true,
              "InTerritory": [
                148
              ]
            }
          },
          "CompletionQuestVariablesFlags": [
            {
              "Low": 3
            },
            {
              "High": 3
            },
            null,
            null,
            null,
            null
          ]
        },
        {
          "Position": {
            "X": 126.943115,
            "Y": 2.910592,
            "Z": -180.54787
          },
          "TerritoryId": 148,
          "InteractionType": "Combat",
          "EnemySpawnType": "OverworldEnemies",
          "ComplexCombatData": [
            {
              "DataId": 47,
              "MinimumKillCount": 3,
              "$": "Slay forest funguars as an archer"
            }
          ],
          "CompletionQuestVariablesFlags": [
            null,
            {
              "Low": 3
            },
            null,
            null,
            null,
            null
          ]
        }
      ]
    },
    {
      "Sequence": 255,
      "Steps": [
        {
          "DataId": 1000200,
          "Position": {
            "X": 209.55212,
            "Y": 0.9999819,
            "Z": 35.01941
          },
          "StopDistance": 7,
          "TerritoryId": 132,
          "InteractionType": "CompleteQuest",
          "AetheryteShortcut": "Gridania",
          "AethernetShortcut": [
            "[Gridania] Aetheryte Plaza",
            "[Gridania] Archers' Guild"
          ],
          "SkipConditions": {
            "AetheryteShortcutIf": {
              "InSameTerritory": true
            }
          },
          "NextQuestId": 46
        }
      ]
    }
  ]
}
