{
  "$schema": "https://git.carvel.li/liza/Questionable/raw/branch/master/QuestPaths/quest-v1.json",
  "Author": "Cacahuetes",
  "QuestSequence": [
    {
      "Sequence": 0,
      "Steps": [
        {
          "DataId": 1000197,
          "Position": {
            "X": 201.31226,
            "Y": -3.1634123e-15,
            "Z": 43.900146
          },
          "TerritoryId": 132,
          "InteractionType": "AcceptQuest",
          "AetheryteShortcut": "Gridania",
          "AethernetShortcut": [
            "[Gridania] Aetheryte Plaza",
            "[Gridania] Archers' Guild"
          ],
          "SkipConditions": {
            "AetheryteShortcutIf": {
              "InSameTerritory": true
            }
          }
        }
      ]
    },
    {
      "Sequence": 1,
      "Steps": [
        {
          "DataId": 1000200,
          "Position": {
            "X": 209.55212,
            "Y": 0.9999819,
            "Z": 35.01941
          },
          "TerritoryId": 132,
          "InteractionType": "Interact",
          "DialogueChoices": [
            {
              "Type": "YesNo",
              "Prompt": "TEXT_CLSARC000_00021_Q1_000_1",
              "Yes": true
            }
          ]
        }
      ]
    },
    {
      "Sequence": 2,
      "Steps": [
        {
          "Position": {
            "X": 97.18397,
            "Y": 17.128555,
            "Z": -269.5008
          },
          "TerritoryId": 148,
          "AethernetShortcut": [
            "[Gridania] Archers' Guild",
            "[Gridania] Blue Badger Gate (Central Shroud)"
          ],
          "InteractionType": "Combat",
          "EnemySpawnType": "OverworldEnemies",
          "ComplexCombatData": [
            {
              "DataId": 37,
              "CompletionQuestVariablesFlags": [
                {
                  "Low": 3
                },
                null,
                null,
                null,
                null,
                null
              ],
              "MinimumKillCount": 3
            }
          ],
          "CompletionQuestVariablesFlags": [
            {
              "Low": 3
            },
            null,
            null,
            null,
            null,
            null
          ],
          "$": "0 0  0 0  0 0 -> 19 0  0 0  0 0"
        },
        {
          "Position": {
            "X": 119.449745,
            "Y": 17.399649,
            "Z": -259.6467
          },
          "TerritoryId": 148,
          "InteractionType": "Combat",
          "EnemySpawnType": "OverworldEnemies",
          "ComplexCombatData": [
            {
              "DataId": 49,
              "CompletionQuestVariablesFlags": [
                null,
                {
                  "High": 3
                },
                null,
                null,
                null,
                null
              ],
              "MinimumKillCount": 3
            }
          ],
          "CompletionQuestVariablesFlags": [
            null,
            {
              "High": 3
            },
            null,
            null,
            null,
            null
          ],
          "$": "19 0  0 0  0 0 -> 35 48  0 0  0 0"
        },
        {
          "Position": {
            "X": 83.756714,
            "Y": 4.1801105,
            "Z": -191.24133
          },
          "TerritoryId": 148,
          "InteractionType": "Combat",
          "EnemySpawnType": "OverworldEnemies",
          "ComplexCombatData": [
            {
              "DataId": 47,
              "CompletionQuestVariablesFlags": [
                null,
                {
                  "Low": 3
                },
                null,
                null,
                null,
                null
              ],
              "MinimumKillCount": 3
            }
          ],
          "CompletionQuestVariablesFlags": [
            null,
            {
              "Low": 3
            },
            null,
            null,
            null,
            null
          ],
          "$": "35 48  0 0  0 0 -> 35 51  0 0  0 0 // This one automatically went to 0 0 0 0 0 0 so I am not sure about the 51 part"
        }
      ]
    },
    {
      "Sequence": 255,
      "Steps": [
        {
          "DataId": 1000200,
          "Position": {
            "X": 209.55212,
            "Y": 0.9999819,
            "Z": 35.01941
          },
          "AetheryteShortcut": "Gridania",
          "AethernetShortcut": [
            "[Gridania] Aetheryte Plaza",
            "[Gridania] Archers' Guild"
          ],
          "StopDistance": 7,
          "TerritoryId": 132,
          "InteractionType": "CompleteQuest",
          "NextQuestId": 46
        }
      ]
    }
  ]
}
