{
  "$schema": "https://git.carvel.li/liza/Questionable/raw/branch/master/QuestPaths/quest-v1.json",
  "Author": "pot0to",
  "QuestSequence": [
    {
      "Sequence": 0,
      "Steps": [
        {
          "DataId": 1000200,
          "Position": {
            "X": 209.55212,
            "Y": 0.9999819,
            "Z": 35.01941
          },
          "StopDistance": 7,
          "TerritoryId": 132,
          "InteractionType": "AcceptQuest",
          "AetheryteShortcut": "Gridania",
          "AethernetShortcut": [
            "[Gridania] Aetheryte Plaza",
            "[Gridania] Archers' Guild"
          ],
          "SkipConditions": {
            "AetheryteShortcutIf": {
              "InSameTerritory": true
            }
          }
        }
      ]
    },
    {
      "Sequence": 1,
      "Steps": [
        {
          "Position": {
            "X": -166.19086,
            "Y": 8.399985,
            "Z": -64.10584
          },
          "TerritoryId": 153,
          "InteractionType": "WalkTo",
          "Fly": true,
          "SkipConditions": {
            "StepIf": {
              "Flying": "Locked"
            }
          },
          "$": "Buscarron SE steps",
          "AetheryteShortcut": "South Shroud - Quarrymill"
        },
        {
          "DataId": 1000590,
          "Position": {
            "X": -165.9419,
            "Y": 9.869227,
            "Z": -81.34589
          },
          "TerritoryId": 153,
          "InteractionType": "Interact"
        }
      ]
    },
    {
      "Sequence": 2,
      "Steps": [
        {
          "DataId": 2000949,
          "Position": {
            "X": -258.9914,
            "Y": 10.330261,
            "Z": -46.00598
          },
          "TerritoryId": 153,
          "InteractionType": "Interact",
          "CompletionQuestVariablesFlags": [
            null,
            null,
            null,
            null,
            null,
            32
          ]
        },
        {
          "DataId": 2000948,
          "Position": {
            "X": -270.00848,
            "Y": 15.487854,
            "Z": -91.17267
          },
          "TerritoryId": 153,
          "InteractionType": "Interact",
          "CompletionQuestVariablesFlags": [
            null,
            null,
            null,
            null,
            null,
            64
          ]
        },
        {
          "DataId": 2000947,
          "Position": {
            "X": -318.07434,
            "Y": 18.936401,
            "Z": -165.11792
          },
          "TerritoryId": 153,
          "InteractionType": "Interact",
          "CompletionQuestVariablesFlags": [
            null,
            null,
            null,
            null,
            null,
            128
          ]
        }
      ]
    },
    {
      "Sequence": 3,
      "Steps": [
        {
          "DataId": 2001105,
          "Position": {
            "X": -173.02203,
            "Y": 9.872559,
            "Z": -78.690796
          },
          "TerritoryId": 153,
          "InteractionType": "Interact",
          "DialogueChoices": [
            {
              "Type": "List",
              "Prompt": "TEXT_CLSARC004_00070_Q1_000_1",
              "Answer": "TEXT_CLSARC004_00070_A1_000_1"
            },
            {
              "Type": "List",
              "Prompt": "TEXT_CLSARC004_00070_Q2_000_1",
              "Answer": "TEXT_CLSARC004_00070_A2_000_3"
            }
          ]
        }
      ]
    },
    {
      "Sequence": 4,
      "Steps": [
        {
          "Position": {
            "X": -192.12004,
            "Y": 8.180927,
            "Z": -65.00513
          },
          "TerritoryId": 153,
          "InteractionType": "WalkTo"
        },
        {
          "DataId": 2000136,
          "Position": {
            "X": -295.85718,
            "Y": 23.575134,
            "Z": -192.34003
          },
          "TerritoryId": 153,
          "InteractionType": "SinglePlayerDuty"
        }
      ]
    },
    {
      "Sequence": 5,
      "Steps": [
        {
          "DataId": 1000590,
          "Position": {
            "X": -165.9419,
            "Y": 9.869227,
            "Z": -81.34589
          },
          "TerritoryId": 153,
          "InteractionType": "Interact"
        }
      ]
    },
    {
      "Sequence": 255,
      "Steps": [
        {
          "DataId": 1000200,
          "Position": {
            "X": 209.55212,
            "Y": 0.9999819,
            "Z": 35.01941
          },
          "StopDistance": 7,
          "TerritoryId": 132,
          "InteractionType": "CompleteQuest",
          "AetheryteShortcut": "Gridania",
          "AethernetShortcut": [
            "[Gridania] Aetheryte Plaza",
            "[Gridania] Archers' Guild"
          ],
          "NextQuestId": 71
        }
      ]
    }
  ]
}
