{
  "$schema": "https://git.carvel.li/liza/Questionable/raw/branch/master/QuestPaths/quest-v1.json",
  "Author": "pot0to",
  "QuestSequence": [
    {
      "Sequence": 0,
      "Steps": [
        {
          "DataId": 1000200,
          "Position": {
            "X": 209.55212,
            "Y": 0.9999819,
            "Z": 35.01941
          },
          "StopDistance": 7,
          "TerritoryId": 132,
          "InteractionType": "AcceptQuest",
          "AetheryteShortcut": "Gridania",
          "AethernetShortcut": [
            "[Gridania] Aetheryte Plaza",
            "[Gridania] Archers' Guild"
          ],
          "SkipConditions": {
            "AetheryteShortcutIf": {
              "InSameTerritory": true
            }
          }
        }
      ]
    },
    {
      "Sequence": 1,
      "Steps": [
        {
          "DataId": 1000204,
          "Position": {
            "X": 226.33704,
            "Y": 1.9999089,
            "Z": 29.06836
          },
          "TerritoryId": 132,
          "InteractionType": "Interact"
        }
      ]
    },
    {
      "Sequence": 2,
      "Steps": [
        {
          "DataId": 1000199,
          "Position": {
            "X": 211.13904,
            "Y": 1.5032133E-05,
            "Z": 28.580078
          },
          "TerritoryId": 132,
          "InteractionType": "Interact"
        }
      ]
    },
    {
      "Sequence": 3,
      "Steps": [
        {
          "DataId": 2000951,
          "Position": {
            "X": -1.8158569,
            "Y": 6.9122925,
            "Z": -93.0343
          },
          "TerritoryId": 153,
          "InteractionType": "Interact",
          "AetheryteShortcut": "South Shroud - Quarrymill",
          "Fly": true,
          "DialogueChoices": [
            {
              "Type": "List",
              "Prompt": "TEXT_CLSARC005_00071_Q1_000_1",
              "Answer": "TEXT_CLSARC005_00071_A1_000_1"
            }
          ]
        }
      ]
    },
    {
      "Sequence": 4,
      "Steps": [
        {
          "Position": {
            "X": 60.130726,
            "Y": -5.9999475,
            "Z": 63.516415
          },
          "TerritoryId": 148,
          "InteractionType": "WalkTo",
          "AetheryteShortcut": "Central Shroud - Bentbranch Meadows",
          "SkipConditions": {
            "StepIf": {
              "Flying": "Unlocked"
            }
          }
        },
        {
          "DataId": 1000534,
          "Position": {
            "X": 134.47766,
            "Y": -7,
            "Z": -69.993164
          },
          "TerritoryId": 148,
          "InteractionType": "SinglePlayerDuty",
          "Fly": true
        }
      ]
    },
    {
      "Sequence": 255,
      "Steps": [
        {
          "DataId": 1000200,
          "Position": {
            "X": 209.55212,
            "Y": 0.9999819,
            "Z": 35.01941
          },
          "StopDistance": 7,
          "TerritoryId": 132,
          "InteractionType": "CompleteQuest",
          "AetheryteShortcut": "Gridania",
          "AethernetShortcut": [
            "[Gridania] Aetheryte Plaza",
            "[Gridania] Archers' Guild"
          ],
          "NextQuestId": 76
        }
      ]
    }
  ]
}
