{
  "$schema": "https://git.carvel.li/liza/Questionable/raw/branch/master/QuestPaths/quest-v1.json",
  "Author": "pot0to",
  "QuestSequence": [
    {
      "Sequence": 0,
      "Steps": [
        {
          "DataId": 1000200,
          "Position": {
            "X": 209.55212,
            "Y": 0.9999819,
            "Z": 35.01941
          },
          "StopDistance": 7,
          "TerritoryId": 132,
          "InteractionType": "AcceptQuest",
          "AetheryteShortcut": "Gridania",
          "AethernetShortcut": [
            "[Gridania] Aetheryte Plaza",
            "[Gridania] Archers' Guild"
          ],
          "SkipConditions": {
            "AetheryteShortcutIf": {
              "InSameTerritory": true
            }
          }
        }
      ]
    },
    {
      "Sequence": 1,
      "Steps": [
        {
          "DataId": 1000795,
          "Position": {
            "X": 278.61438,
            "Y": 8.346143,
            "Z": -38.223938
          },
          "TerritoryId": 153,
          "InteractionType": "SinglePlayerDuty",
          "AetheryteShortcut": "South Shroud - Quarrymill",
          "Fly": true
        }
      ]
    },
    {
      "Sequence": 2,
      "Steps": [
        {
          "DataId": 2000709,
          "Position": {
            "X": -90.74542,
            "Y": 0.015197754,
            "Z": 61.08191
          },
          "TerritoryId": 153,
          "InteractionType": "SinglePlayerDuty",
          "SinglePlayerDutyOptions": {
            "Index": 1
          },
          "Fly": true
        }
      ]
    },
    {
      "Sequence": 255,
      "Steps": [
        {
          "DataId": 1000200,
          "Position": {
            "X": 209.55212,
            "Y": 0.9999819,
            "Z": 35.01941
          },
          "StopDistance": 7,
          "TerritoryId": 132,
          "InteractionType": "CompleteQuest",
          "AetheryteShortcut": "Gridania",
          "AethernetShortcut": [
            "[Gridania] Aetheryte Plaza",
            "[Gridania] Archers' Guild"
          ],
          "NextQuestId": 1085
        }
      ]
    }
  ]
}
