{
  "$schema": "https://git.carvel.li/liza/Questionable/raw/branch/master/QuestPaths/quest-v1.json",
  "Author": "liza",
  "QuestSequence": [
    {
      "Sequence": 0,
      "Steps": [
        {
          "TerritoryId": 137,
          "InteractionType": "EquipItem",
          "ItemId": 4542,
          "AetheryteShortcut": "Ul'dah",
          "AethernetShortcut": [
            "[Ul'dah] Aetheryte Plaza",
            "[Ul'dah] The Chamber of Rule"
          ],
          "SkipConditions": {
            "AetheryteShortcutIf": {
              "InSameTerritory": true,
              "InTerritory": [
                131
              ]
            }
          }
        },
        {
          "DataId": 1006747,
          "Position": {
            "X": -20.828613,
            "Y": 29.999964,
            "Z": -2.4262085
          },
          "TerritoryId": 131,
          "InteractionType": "AcceptQuest"
        }
      ]
    },
    {
      "Sequence": 1,
      "Steps": [
        {
          "Position": {
            "X": -259.72705,
            "Y": 67.23717,
            "Z": -293.5509
          },
          "TerritoryId": 180,
          "InteractionType": "WalkTo",
          "AetheryteShortcut": "Outer La Noscea - Camp Overlook",
          "Fly": true,
          "SkipConditions": {
            "StepIf": {
              "Flying": "Locked"
            }
          }
        },
        {
          "Position": {
            "X": -355.4327,
            "Y": 63.813503,
            "Z": -382.56308
          },
          "TerritoryId": 180,
          "InteractionType": "WalkTo",
          "Fly": true,
          "SkipConditions": {
            "StepIf": {
              "Flying": "Locked"
            }
          }
        },
        {
          "DataId": 2002346,
          "Position": {
            "X": -312.27594,
            "Y": 32.547485,
            "Z": -444.9989
          },
          "TerritoryId": 180,
          "InteractionType": "Combat",
          "EnemySpawnType": "AfterInteraction",
          "ComplexCombatData": [
            {
              "DataId": 6,
              "NameId": 2020
            }
          ],
          "Fly": true
        }
      ]
    },
    {
      "Sequence": 255,
      "Steps": [
        {
          "DataId": 1006747,
          "Position": {
            "X": -20.828613,
            "Y": 29.999964,
            "Z": -2.4262085
          },
          "TerritoryId": 131,
          "InteractionType": "CompleteQuest",
          "AetheryteShortcut": "Ul'dah",
          "AethernetShortcut": [
            "[Ul'dah] Aetheryte Plaza",
            "[Ul'dah] The Chamber of Rule"
          ],
          "NextQuestId": 1057
        }
      ]
    }
  ]
}
