{
  "$schema": "https://git.carvel.li/liza/Questionable/raw/branch/master/QuestPaths/quest-v1.json",
  "Author": "liza",
  "QuestSequence": [
    {
      "Sequence": 0,
      "Steps": [
        {
          "DataId": 1006747,
          "Position": {
            "X": -20.828613,
            "Y": 29.999964,
            "Z": -2.4262085
          },
          "TerritoryId": 131,
          "InteractionType": "AcceptQuest",
          "AetheryteShortcut": "Ul'dah",
          "AethernetShortcut": [
            "[Ul'dah] Aetheryte Plaza",
            "[Ul'dah] The Chamber of Rule"
          ],
          "SkipConditions": {
            "AetheryteShortcutIf": {
              "InSameTerritory": true,
              "InTerritory": [
                131
              ]
            }
          }
        }
      ]
    },
    {
      "Sequence": 1,
      "Steps": [
        {
          "DataId": 2002356,
          "Position": {
            "X": -407.4312,
            "Y": 7.156433,
            "Z": 525.6886
          },
          "TerritoryId": 146,
          "InteractionType": "SinglePlayerDuty",
          "AetheryteShortcut": "Southern Thanalan - Forgotten Springs",
          "Fly": true
        }
      ]
    },
    {
      "Sequence": 255,
      "Steps": [
        {
          "DataId": 1006747,
          "Position": {
            "X": -20.828613,
            "Y": 29.999964,
            "Z": -2.4262085
          },
          "TerritoryId": 131,
          "InteractionType": "CompleteQuest",
          "AetheryteShortcut": "Ul'dah",
          "AethernetShortcut": [
            "[Ul'dah] Aetheryte Plaza",
            "[Ul'dah] The Chamber of Rule"
          ],
          "NextQuestId": 1060
        }
      ]
    }
  ]
}
