{
  "$schema": "https://git.carvel.li/liza/Questionable/raw/branch/master/QuestPaths/quest-v1.json",
  "Author": "liza",
  "QuestSequence": [
    {
      "Sequence": 0,
      "Steps": [
        {
          "DataId": 1002277,
          "Position": {
            "X": -97.550964,
            "Y": 7.05,
            "Z": 23.605652
          },
          "TerritoryId": 131,
          "InteractionType": "AcceptQuest",
          "AetheryteShortcut": "Ul'dah",
          "AethernetShortcut": [
            "[Ul'dah] Aetheryte Plaza",
            "[Ul'dah] Gladiators' Guild"
          ],
          "DialogueChoices": [
            {
              "Type": "YesNo",
              "Prompt": "TEXT_CLSGLA001_00177_Q1_000_1",
              "Yes": true
            }
          ],
          "SkipConditions": {
            "AetheryteShortcutIf": {
              "InSameTerritory": true,
              "InTerritory": [
                131
              ]
            }
          }
        }
      ]
    }
  ]
}
