{
  "$schema": "https://git.carvel.li/liza/Questionable/raw/branch/master/QuestPaths/quest-v1.json",
  "Author": "Cacahuetes",
  "QuestSequence": [
    {
      "Sequence": 0,
      "Steps": [
        {
          "DataId": 1001739,
          "Position": {
            "X": -94.529724,
            "Y": 6.4999976,
            "Z": 39.81079
          },
          "TerritoryId": 131,
          "InteractionType": "AcceptQuest",
          "AetheryteShortcut": "Ul'dah",
          "AethernetShortcut": [
            "[Ul'dah] Aetheryte Plaza",
            "[Ul'dah] Gladiators' Guild"
          ],
          "SkipConditions": {
            "AetheryteShortcutIf": {
              "InSameTerritory": true,
              "InTerritory": [
                131
              ]
            }
          }
        }
      ]
    },
    {
      "Sequence": 1,
      "Steps": [
        {
          "DataId": 1002296,
          "Position": {
            "X": -139.42175,
            "Y": 4.019726,
            "Z": 205.0354
          },
          "TerritoryId": 141,
          "InteractionType": "Combat",
          "EnemySpawnType": "AfterInteraction",
          "AethernetShortcut": [
            "[Ul'dah] Gladiators' Guild",
            "[Ul'dah] Gate of Nald (Central Thanalan)"
          ],
          "KillEnemyDataIds": [
            1245
          ]
        }
      ]
    },
    {
      "Sequence": 2,
      "Steps": [
        {
          "DataId": 1002296,
          "Position": {
            "X": -139.42175,
            "Y": 4.019726,
            "Z": 205.0354
          },
          "TerritoryId": 141,
          "InteractionType": "Interact"
        }
      ]
    },
    {
      "Sequence": 3,
      "Steps": [
        {
          "DataId": 1001739,
          "Position": {
            "X": -94.529724,
            "Y": 6.4999976,
            "Z": 39.81079
          },
          "TerritoryId": 131,
          "InteractionType": "Interact",
          "AetheryteShortcut": "Ul'dah",
          "AethernetShortcut": [
            "[Ul'dah] Aetheryte Plaza",
            "[Ul'dah] Gladiators' Guild"
          ],
          "SkipConditions": {
            "AetheryteShortcutIf": {
              "InSameTerritory": true,
              "InTerritory": [
                131
              ]
            }
          }
        }
      ]
    },
    {
      "Sequence": 4,
      "Steps": [
        {
          "DataId": 2001426,
          "Position": {
            "X": 27.206787,
            "Y": 12.985352,
            "Z": 51.83484
          },
          "TerritoryId": 141,
          "InteractionType": "SinglePlayerDuty",
          "AethernetShortcut": [
            "[Ul'dah] Gladiators' Guild",
            "[Ul'dah] Gate of Nald (Central Thanalan)"
          ]
        }
      ]
    },
    {
      "Sequence": 5,
      "Steps": [
        {
          "DataId": 1003945,
          "Position": {
            "X": 24.917969,
            "Y": 13,
            "Z": 50.156372
          },
          "StopDistance": 5,
          "TerritoryId": 141,
          "InteractionType": "Interact"
        }
      ]
    },
    {
      "Sequence": 255,
      "Steps": [
        {
          "DataId": 1001739,
          "Position": {
            "X": -94.529724,
            "Y": 6.4999976,
            "Z": 39.81079
          },
          "TerritoryId": 131,
          "InteractionType": "CompleteQuest",
          "AetheryteShortcut": "Ul'dah",
          "DialogueChoices": [
            {
              "Type": "List",
              "Prompt": "TEXT_CLSGLA100_00261_Q1_000_160",
              "Answer": "TEXT_CLSGLA100_00261_A1_000_161"
            }
          ],
          "AethernetShortcut": [
            "[Ul'dah] Aetheryte Plaza",
            "[Ul'dah] Gladiators' Guild"
          ],
          "NextQuestId": 262
        }
      ]
    }
  ]
}
