{
  "$schema": "https://git.carvel.li/liza/Questionable/raw/branch/master/QuestPaths/quest-v1.json",
  "Author": "Cacahuetes",
  "QuestSequence": [
    {
      "Sequence": 0,
      "Steps": [
        {
          "DataId": 1001739,
          "Position": {
            "X": -94.529724,
            "Y": 6.4999976,
            "Z": 39.81079
          },
          "TerritoryId": 131,
          "InteractionType": "AcceptQuest",
          "AetheryteShortcut": "Ul'dah",
          "AethernetShortcut": [
            "[Ul'dah] Aetheryte Plaza",
            "[Ul'dah] Gladiators' Guild"
          ],
          "SkipConditions": {
            "AetheryteShortcutIf": {
              "InSameTerritory": true,
              "InTerritory": [
                131
              ]
            }
          }
        }
      ]
    },
    {
      "Sequence": 1,
      "Steps": [
        {
          "DataId": 1004140,
          "Position": {
            "X": -72.34308,
            "Y": -12.372956,
            "Z": -69.13867
          },
          "TerritoryId": 141,
          "InteractionType": "Interact",
          "AetheryteShortcut": "Central Thanalan - Black Brush Station"
        }
      ]
    },
    {
      "Sequence": 2,
      "Steps": [
        {
          "DataId": 1001462,
          "Position": {
            "X": -93.33948,
            "Y": -11.367981,
            "Z": -41.397766
          },
          "TerritoryId": 141,
          "InteractionType": "Interact",
          "CompletionQuestVariablesFlags": [
            null,
            null,
            null,
            null,
            null,
            64
          ]
        },
        {
          "DataId": 1001438,
          "Position": {
            "X": -30.838562,
            "Y": -1.0332576,
            "Z": -145.67792
          },
          "TerritoryId": 141,
          "InteractionType": "Interact",
          "CompletionQuestVariablesFlags": [
            null,
            null,
            null,
            null,
            null,
            128
          ]
        },
        {
          "DataId": 2001434,
          "Position": {
            "X": -115.77026,
            "Y": 0.015197754,
            "Z": -149.24854
          },
          "TerritoryId": 141,
          "InteractionType": "Interact",
          "CompletionQuestVariablesFlags": [
            null,
            null,
            null,
            null,
            null,
            32
          ]
        }
      ]
    },
    {
      "Sequence": 3,
      "Steps": [
        {
          "DataId": 1004140,
          "Position": {
            "X": -72.34308,
            "Y": -12.372956,
            "Z": -69.13867
          },
          "TerritoryId": 141,
          "InteractionType": "Interact"
        }
      ]
    },
    {
      "Sequence": 4,
      "Steps": [
        {
          "DataId": 1001285,
          "Position": {
            "X": -68.77246,
            "Y": 4.0411124,
            "Z": -126.51257
          },
          "TerritoryId": 130,
          "InteractionType": "Interact",
          "AetheryteShortcut": "Ul'dah"
        }
      ]
    },
    {
      "Sequence": 5,
      "Steps": [
        {
          "DataId": 1001739,
          "Position": {
            "X": -94.529724,
            "Y": 6.4999976,
            "Z": 39.81079
          },
          "TerritoryId": 131,
          "InteractionType": "Interact",
          "AethernetShortcut": [
            "[Ul'dah] Aetheryte Plaza",
            "[Ul'dah] Gladiators' Guild"
          ],
          "DialogueChoices": [
            {
              "Type": "List",
              "Prompt": "TEXT_CLSGLA200_00263_Q1_000_124",
              "Answer": "TEXT_CLSGLA200_00263_A1_000_125"
            }
          ]
        }
      ]
    },
    {
      "Sequence": 6,
      "Steps": [
        {
          "DataId": 1004092,
          "Position": {
            "X": -241.16882,
            "Y": 32.47634,
            "Z": 398.9165
          },
          "TerritoryId": 140,
          "InteractionType": "SinglePlayerDuty",
          "AethernetShortcut": [
            "[Ul'dah] Gladiators' Guild",
            "[Ul'dah] Gate of the Sultana (Western Thanalan)"
          ],
          "Fly": true
        }
      ]
    },
    {
      "Sequence": 255,
      "Steps": [
        {
          "DataId": 1001739,
          "Position": {
            "X": -94.529724,
            "Y": 6.4999976,
            "Z": 39.81079
          },
          "TerritoryId": 131,
          "InteractionType": "CompleteQuest",
          "AetheryteShortcut": "Ul'dah",
          "AethernetShortcut": [
            "[Ul'dah] Aetheryte Plaza",
            "[Ul'dah] Gladiators' Guild"
          ],
          "NextQuestId": 264
        }
      ]
    }
  ]
}
