{
  "$schema": "https://git.carvel.li/liza/Questionable/raw/branch/master/QuestPaths/quest-v1.json",
  "Author": "Cacahuetes",
  "QuestSequence": [
    {
      "Sequence": 0,
      "Steps": [
        {
          "DataId": 1001739,
          "Position": {
            "X": -94.529724,
            "Y": 6.4999976,
            "Z": 39.81079
          },
          "TerritoryId": 131,
          "InteractionType": "AcceptQuest",
          "AetheryteShortcut": "Ul'dah",
          "AethernetShortcut": [
            "[Ul'dah] Aetheryte Plaza",
            "[Ul'dah] Gladiators' Guild"
          ],
          "SkipConditions": {
            "AetheryteShortcutIf": {
              "InSameTerritory": true,
              "InTerritory": [
                131
              ]
            }
          }
        }
      ]
    },
    {
      "Sequence": 1,
      "Steps": [
        {
          "DataId": 1004225,
          "Position": {
            "X": 62.974,
            "Y": 54.60642,
            "Z": 284.90112
          },
          "TerritoryId": 140,
          "InteractionType": "Combat",
          "EnemySpawnType": "AfterInteraction",
          "KillEnemyDataIds": [
            1243
          ],
          "AethernetShortcut": [
            "[Ul'dah] Gladiators' Guild",
            "[Ul'dah] Gate of the Sultana (Western Thanalan)"
          ],
          "Fly": true
        }
      ]
    },
    {
      "Sequence": 2,
      "Steps": [
        {
          "DataId": 1004225,
          "Position": {
            "X": 62.974,
            "Y": 54.60642,
            "Z": 284.90112
          },
          "TerritoryId": 140,
          "InteractionType": "Interact"
        }
      ]
    },
    {
      "Sequence": 3,
      "Steps": [
        {
          "DataId": 1001739,
          "Position": {
            "X": -94.529724,
            "Y": 6.4999976,
            "Z": 39.81079
          },
          "TerritoryId": 131,
          "InteractionType": "Interact",
          "AetheryteShortcut": "Ul'dah",
          "AethernetShortcut": [
            "[Ul'dah] Aetheryte Plaza",
            "[Ul'dah] Gladiators' Guild"
          ]
        }
      ]
    },
    {
      "Sequence": 4,
      "Steps": [
        {
          "DataId": 1002277,
          "Position": {
            "X": -97.550964,
            "Y": 7.05,
            "Z": 23.605652
          },
          "TerritoryId": 131,
          "InteractionType": "Interact"
        }
      ]
    },
    {
      "Sequence": 5,
      "Steps": [
        {
          "DataId": 1004141,
          "Position": {
            "X": -520.5005,
            "Y": -21.460285,
            "Z": 123.46069
          },
          "TerritoryId": 145,
          "InteractionType": "SinglePlayerDuty",
          "AetheryteShortcut": "Eastern Thanalan - Camp Drybone",
          "DialogueChoices": [
            {
              "Type": "List",
              "Prompt": "TEXT_CLSGLA250_00264_Q1_000_170",
              "Answer": "TEXT_CLSGLA250_00264_A1_000_180"
            }
          ]
        }
      ]
    },
    {
      "Sequence": 255,
      "Steps": [
        {
          "DataId": 1001739,
          "Position": {
            "X": -94.529724,
            "Y": 6.4999976,
            "Z": 39.81079
          },
          "TerritoryId": 131,
          "InteractionType": "CompleteQuest",
          "AetheryteShortcut": "Ul'dah",
          "AethernetShortcut": [
            "[Ul'dah] Aetheryte Plaza",
            "[Ul'dah] Gladiators' Guild"
          ],
          "NextQuestId": 265
        }
      ]
    }
  ]
}
