{
    "$schema": "https://git.carvel.li/liza/Questionable/raw/branch/master/QuestPaths/quest-v1.json",
    "Author": "Censored",
    "QuestSequence": [
        {
            "Sequence": 0,
            "Steps": [
                {
                    "DataId": 1009199,
                    "Position": {
                        "X": 149.43152,
                        "Y": -18.140299,
                        "Z": 99.22937
                    },
                    "TerritoryId": 154,
                    "InteractionType": "AcceptQuest",
                    "Fly": true,
                    "AetheryteShortcut": "North Shroud - Fallgourd Float",
                    "SkipConditions": {
                        "AetheryteShortcutIf": {
                            "NearPosition": {
                                "Position": {
                                    "X": 149.43152,
                                    "Y": -18.140299,
                                    "Z": 99.22937
                                },
                                "TerritoryId": 154,
                                "MaximumDistance": 50
                            }
                        }
                    }
                }
            ]
        },
        {
            "Sequence": 1,
            "Steps": [
                {
                    "DataId": 1009600,
                    "Position": {
                        "X": 121.08032,
                        "Y": -31.678165,
                        "Z": 301.07568
                    },
                    "TerritoryId": 154,
                    "InteractionType": "Interact",
                    "Fly": true
                }
            ]
        },
        {
            "Sequence": 2,
            "Steps": [
                {
                    "DataId": 1009600,
                    "Position": {
                        "X": 121.08032,
                        "Y": -31.678165,
                        "Z": 301.07568
                    },
                    "TerritoryId": 154,
                    "InteractionType": "Interact"
                }
            ]
        },
        {
            "Sequence": 3,
            "Steps": [
                {
                    "DataId": 1009217,
                    "Position": {
                        "X": 363.72925,
                        "Y": -5.616498,
                        "Z": 347.219
                    },
                    "TerritoryId": 154,
                    "InteractionType": "Interact",
                    "Fly": true
                }
            ]
        },
        {
            "Sequence": 255,
            "Steps": [
                {
                    "TerritoryId": 154,
                    "InteractionType": "Craft",
                    "ItemId": 8130,
                    "ItemCount": 1,
                    "SkipConditions": {
                        "StepIf": {
                            "Item": {
                                "NotInInventory": false
                            }
                        }
                    }
                },
                {
                    "DataId": 1009199,
                    "Position": {
                        "X": 149.43152,
                        "Y": -18.140299,
                        "Z": 99.22937
                    },
                    "TerritoryId": 154,
                    "InteractionType": "CompleteQuest",
                    "Fly": true
                }
            ]
        }
    ]
}
