{
  "$schema": "https://git.carvel.li/liza/Questionable/raw/branch/master/QuestPaths/quest-v1.json",
  "Author": "Cacahuetes",
  "QuestSequence": [
    {
      "Sequence": 0,
      "Steps": [
        {
          "DataId": 1000995,
          "Position": {
            "X": -52.018066,
            "Y": 42.799637,
            "Z": 192.2179
          },
          "TerritoryId": 128,
          "InteractionType": "AcceptQuest",
          "AetheryteShortcut": "Limsa Lominsa",
          "AethernetShortcut": [
            "[Limsa Lominsa] Aetheryte Plaza",
            "[Limsa Lominsa] The Aftcastle"
          ],
          "SkipConditions": {
            "AetheryteShortcutIf": {
              "InSameTerritory": true,
              "InTerritory": [
                128
              ]
            }
          },
          "DialogueChoices": [
            {
              "Type": "YesNo",
              "Prompt": "TEXT_CLSBSM011_00291_Q1_000_1",
              "Yes": true
            }
          ]
        }
      ]
    },
    {
      "Sequence": 255,
      "Steps": [
        {
          "DataId": 1000997,
          "Position": {
            "X": -31.265808,
            "Y": 44.49997,
            "Z": 185.53442
          },
          "TerritoryId": 128,
          "InteractionType": "CompleteQuest",
          "DialogueChoices": [
            {
              "Type": "YesNo",
              "Prompt": "TEXT_CLSBSM011_00291_Q1_000_1",
              "Yes": true
            }
          ],
          "NextQuestId": 292
        }
      ]
    }
  ]
}
