{
  "$schema": "https://git.carvel.li/liza/Questionable/raw/branch/master/QuestPaths/quest-v1.json",
  "Author": "Cacahuetes",
  "QuestSequence": [
    {
      "Sequence": 0,
      "Steps": [
        {
          "Position": {
            "X": 215.65454,
            "Y": 222.1,
            "Z": 345.1806
          },
          "TerritoryId": 155,
          "InteractionType": "WalkTo",
          "AetheryteShortcut": "Coerthas Central Highlands - Camp Dragonhead",
          "Fly": true,
          "SkipConditions": {
            "AetheryteShortcutIf": {
              "InSameTerritory": true
            }
          },
          "$": "Alberic"
        },
        {
          "TerritoryId": 155,
          "InteractionType": "EquipItem",
          "ItemId": 4545
        },
        {
          "DataId": 1006748,
          "Position": {
            "X": 217.88354,
            "Y": 222,
            "Z": 345.3269
          },
          "TerritoryId": 155,
          "InteractionType": "AcceptQuest"
        }
      ]
    },
    {
      "Sequence": 1,
      "Steps": [
        {
          "Position": {
            "X": 267.5908,
            "Y": 236.15701,
            "Z": -328.8527
          },
          "TerritoryId": 155,
          "InteractionType": "Jump",
          "JumpDestination": {
            "Position": {
              "X": 264.47205,
              "Y": 237.91518,
              "Z": -336.72607
            }
          },
          "SkipConditions": {
            "StepIf": {
              "Flying": "Unlocked"
            }
          },
          "AetheryteShortcut": "Coerthas Central Highlands - Camp Dragonhead"
        },
        {
          "Position": {
            "X": 266.22034,
            "Y": 237.89253,
            "Z": -341.475
          },
          "TerritoryId": 155,
          "InteractionType": "Jump",
          "JumpDestination": {
            "Position": {
              "X": 263.72516,
              "Y": 239.88335,
              "Z": -346.17166
            }
          },
          "SkipConditions": {
            "StepIf": {
              "Flying": "Unlocked"
            }
          }
        },
        {
          "DataId": 1007856,
          "Position": {
            "X": 261.76843,
            "Y": 240.06624,
            "Z": -346.48663
          },
          "TerritoryId": 155,
          "InteractionType": "Combat",
          "EnemySpawnType": "AfterInteraction",
          "KillEnemyDataIds": [
            58
          ],
          "Fly": true
        }
      ]
    },
    {
      "Sequence": 2,
      "Steps": [
        {
          "Position": {
            "X": 267.5908,
            "Y": 236.15701,
            "Z": -328.8527
          },
          "TerritoryId": 155,
          "InteractionType": "Jump",
          "JumpDestination": {
            "Position": {
              "X": 264.47205,
              "Y": 237.91518,
              "Z": -336.72607
            }
          }
        },
        {
          "Position": {
            "X": 266.22034,
            "Y": 237.89253,
            "Z": -341.475
          },
          "TerritoryId": 155,
          "InteractionType": "Jump",
          "JumpDestination": {
            "Position": {
              "X": 263.72516,
              "Y": 239.88335,
              "Z": -346.17166
            }
          }
        },
        {
          "DataId": 1007856,
          "Position": {
            "X": 261.76843,
            "Y": 240.06624,
            "Z": -346.48663
          },
          "TerritoryId": 155,
          "InteractionType": "Interact"
        }
      ]
    },
    {
      "Sequence": 255,
      "Steps": [
        {
          "Position": {
            "X": 215.65454,
            "Y": 222.1,
            "Z": 345.1806
          },
          "TerritoryId": 155,
          "InteractionType": "WalkTo",
          "AetheryteShortcut": "Coerthas Central Highlands - Camp Dragonhead",
          "Fly": true,
          "SkipConditions": {
            "StepIf": {
              "Flying": "Locked"
            }
          },
          "$": "Alberic"
        },
        {
          "DataId": 1006748,
          "Position": {
            "X": 217.88354,
            "Y": 222,
            "Z": 345.3269
          },
          "TerritoryId": 155,
          "InteractionType": "CompleteQuest",
          "NextQuestId": 1069
        }
      ]
    }
  ]
}
