{
  "$schema": "https://git.carvel.li/liza/Questionable/raw/branch/master/QuestPaths/quest-v1.json",
  "Author": "Cacahuetes",
  "QuestSequence": [
    {
      "Sequence": 0,
      "Steps": [
        {
          "Position": {
            "X": 215.65454,
            "Y": 222.1,
            "Z": 345.1806
          },
          "TerritoryId": 155,
          "InteractionType": "WalkTo",
          "AetheryteShortcut": "Coerthas Central Highlands - Camp Dragonhead",
          "Fly": true,
          "SkipConditions": {
            "AetheryteShortcutIf": {
              "InSameTerritory": true
            }
          },
          "$": "Alberic"
        },
        {
          "DataId": 1006748,
          "Position": {
            "X": 217.88354,
            "Y": 222,
            "Z": 345.3269
          },
          "TerritoryId": 155,
          "InteractionType": "AcceptQuest"
        }
      ]
    },
    {
      "Sequence": 1,
      "Steps": [
        {
          "DataId": 2002423,
          "Position": {
            "X": -318.80682,
            "Y": 304.64624,
            "Z": 243.33557
          },
          "TerritoryId": 155,
          "InteractionType": "Interact",
          "Fly": true
        }
      ]
    },
    {
      "Sequence": 2,
      "Steps": [
        {
          "Position": {
            "X": 215.65454,
            "Y": 222.1,
            "Z": 345.1806
          },
          "TerritoryId": 155,
          "InteractionType": "WalkTo",
          "Fly": true,
          "SkipConditions": {
            "StepIf": {
              "Flying": "Locked"
            }
          },
          "$": "Alberic"
        },
        {
          "DataId": 1006748,
          "Position": {
            "X": 217.88354,
            "Y": 222,
            "Z": 345.3269
          },
          "TerritoryId": 155,
          "InteractionType": "Interact"
        }
      ]
    },
    {
      "Sequence": 3,
      "Steps": [
        {
          "DataId": 1007858,
          "Position": {
            "X": 591.2107,
            "Y": 331.39114,
            "Z": -447.776
          },
          "TerritoryId": 155,
          "InteractionType": "Combat",
          "EnemySpawnType": "AfterInteraction",
          "KillEnemyDataIds": [
            1932
          ],
          "AetheryteShortcut": "Coerthas Central Highlands - Camp Dragonhead",
          "Fly": true
        }
      ]
    },
    {
      "Sequence": 4,
      "Steps": [
        {
          "DataId": 1007858,
          "Position": {
            "X": 591.2107,
            "Y": 331.39114,
            "Z": -447.776
          },
          "TerritoryId": 155,
          "InteractionType": "Interact"
        }
      ]
    },
    {
      "Sequence": 5,
      "Steps": [
        {
          "DataId": 1007859,
          "Position": {
            "X": 654.53577,
            "Y": 305.091,
            "Z": -354.11615
          },
          "TerritoryId": 155,
          "InteractionType": "Combat",
          "EnemySpawnType": "AfterInteraction",
          "KillEnemyDataIds": [
            1933
          ]
        }
      ]
    },
    {
      "Sequence": 6,
      "Steps": [
        {
          "DataId": 1007859,
          "Position": {
            "X": 654.53577,
            "Y": 305.091,
            "Z": -354.11615
          },
          "TerritoryId": 155,
          "InteractionType": "Interact"
        }
      ]
    },
    {
      "Sequence": 7,
      "Steps": [
        {
          "DataId": 1007860,
          "Position": {
            "X": 622.06445,
            "Y": 287.86145,
            "Z": -317.89124
          },
          "TerritoryId": 155,
          "InteractionType": "Combat",
          "EnemySpawnType": "AfterInteraction",
          "KillEnemyDataIds": [
            1934
          ]
        }
      ]
    },
    {
      "Sequence": 8,
      "Steps": [
        {
          "DataId": 1007860,
          "Position": {
            "X": 622.06445,
            "Y": 287.86145,
            "Z": -317.89124
          },
          "TerritoryId": 155,
          "InteractionType": "Interact"
        }
      ]
    },
    {
      "Sequence": 9,
      "Steps": [
        {
          "Position": {
            "X": 215.65454,
            "Y": 222.1,
            "Z": 345.1806
          },
          "TerritoryId": 155,
          "InteractionType": "WalkTo",
          "AetheryteShortcut": "Coerthas Central Highlands - Camp Dragonhead",
          "Fly": true,
          "SkipConditions": {
            "StepIf": {
              "Flying": "Locked"
            }
          },
          "$": "Alberic"
        },
        {
          "DataId": 1006748,
          "Position": {
            "X": 217.88354,
            "Y": 222,
            "Z": 345.3269
          },
          "TerritoryId": 155,
          "InteractionType": "Interact"
        }
      ]
    },
    {
      "Sequence": 10,
      "Steps": [
        {
          "Position": {
            "X": 179.19377,
            "Y": 358.68628,
            "Z": -580.35266
          },
          "TerritoryId": 155,
          "InteractionType": "WalkTo",
          "AetheryteShortcut": "Coerthas Central Highlands - Camp Dragonhead",
          "Fly": true
        },
        {
          "DataId": 2002424,
          "Position": {
            "X": 67.91785,
            "Y": 374.77686,
            "Z": -672.2057
          },
          "TerritoryId": 155,
          "InteractionType": "Combat",
          "EnemySpawnType": "AfterInteraction",
          "KillEnemyDataIds": [
            1929
          ],
          "Fly": true
        }
      ]
    },
    {
      "Sequence": 255,
      "Steps": [
        {
          "Position": {
            "X": 215.65454,
            "Y": 222.1,
            "Z": 345.1806
          },
          "TerritoryId": 155,
          "InteractionType": "WalkTo",
          "AetheryteShortcut": "Coerthas Central Highlands - Camp Dragonhead",
          "Fly": true,
          "SkipConditions": {
            "StepIf": {
              "Flying": "Locked"
            }
          },
          "$": "Alberic"
        },
        {
          "DataId": 1006748,
          "Position": {
            "X": 217.88354,
            "Y": 222,
            "Z": 345.3269
          },
          "TerritoryId": 155,
          "InteractionType": "CompleteQuest",
          "NextQuestId": 1071
        }
      ]
    }
  ]
}
