{
  "$schema": "https://git.carvel.li/liza/Questionable/raw/branch/master/QuestPaths/quest-v1.json",
  "Author": "Cacahuetes",
  "QuestSequence": [
    {
      "Sequence": 0,
      "Steps": [
        {
          "Position": {
            "X": 215.65454,
            "Y": 222.1,
            "Z": 345.1806
          },
          "TerritoryId": 155,
          "InteractionType": "WalkTo",
          "AetheryteShortcut": "Coerthas Central Highlands - Camp Dragonhead",
          "Fly": true,
          "SkipConditions": {
            "AetheryteShortcutIf": {
              "InSameTerritory": true
            }
          },
          "$": "Alberic"
        },
        {
          "DataId": 1006748,
          "Position": {
            "X": 217.88354,
            "Y": 222,
            "Z": 345.3269
          },
          "TerritoryId": 155,
          "InteractionType": "AcceptQuest"
        }
      ]
    },
    {
      "Sequence": 1,
      "Steps": [
        {
          "DataId": 2002425,
          "Position": {
            "X": 96.69641,
            "Y": 356.3744,
            "Z": -257.2519
          },
          "TerritoryId": 155,
          "InteractionType": "Combat",
          "EnemySpawnType": "AfterInteraction",
          "KillEnemyDataIds": [
            1930
          ],
          "AetheryteShortcut": "Coerthas Central Highlands - Camp Dragonhead",
          "Fly": true
        }
      ]
    },
    {
      "Sequence": 255,
      "Steps": [
        {
          "Position": {
            "X": 215.65454,
            "Y": 222.1,
            "Z": 345.1806
          },
          "TerritoryId": 155,
          "InteractionType": "WalkTo",
          "Fly": true,
          "SkipConditions": {
            "StepIf": {
              "Flying": "Locked"
            }
          },
          "$": "Alberic"
        },
        {
          "DataId": 1006748,
          "Position": {
            "X": 217.88354,
            "Y": 222,
            "Z": 345.3269
          },
          "TerritoryId": 155,
          "InteractionType": "CompleteQuest",
          "NextQuestId": 1072
        }
      ]
    }
  ]
}
