{
  "$schema": "https://git.carvel.li/liza/Questionable/raw/branch/master/QuestPaths/quest-v1.json",
  "Author": "Cacahuetes",
  "QuestSequence": [
    {
      "Sequence": 0,
      "Steps": [
        {
          "DataId": 1000251,
          "Position": {
            "X": 147.08167,
            "Y": 15.5,
            "Z": -267.99426
          },
          "TerritoryId": 133,
          "InteractionType": "AcceptQuest",
          "AetheryteShortcut": "Gridania",
          "AethernetShortcut": [
            "[Gridania] Aetheryte Plaza",
            "[Gridania] Lancers' Guild"
          ],
          "SkipConditions": {
            "AetheryteShortcutIf": {
              "InSameTerritory": true,
              "InTerritory": [
                133
              ]
            }
          }
        }
      ]
    },
    {
      "Sequence": 255,
      "Steps": [
        {
          "DataId": 1000254,
          "Position": {
            "X": 157.7019,
            "Y": 15.900381,
            "Z": -270.34418
          },
          "TerritoryId": 133,
          "InteractionType": "CompleteQuest",
          "DialogueChoices": [
            {
              "Type": "YesNo",
              "Prompt": "TEXT_CLSLNC998_00132_Q1_000_1",
              "Yes": true
            }
          ],
          "NextQuestId": 218
        }
      ]
    }
  ]
}
