{
  "$schema": "https://git.carvel.li/liza/Questionable/raw/branch/master/QuestPaths/quest-v1.json",
  "Author": "Cacahuetes",
  "QuestSequence": [
    {
      "Sequence": 0,
      "Steps": [
        {
          "DataId": 1000251,
          "Position": {
            "X": 147.08167,
            "Y": 15.5,
            "Z": -267.99426
          },
          "TerritoryId": 133,
          "AethernetShortcut": [
            "[Gridania] Aetheryte Plaza",
            "[Gridania] Lancers' Guild"
          ],
          "DialogueChoices": [
            {
              "Type": "YesNo",
              "Prompt": "TEXT_CLSLNC999_00180_Q1_000_1",
              "Yes": true
            }
          ],
          "InteractionType": "AcceptQuest"
        }
      ]
    }
  ]
}
