{
  "$schema": "https://git.carvel.li/liza/Questionable/raw/branch/master/QuestPaths/quest-v1.json",
  "Author": "Cacahuetes",
  "QuestSequence": [
    {
      "Sequence": 0,
      "Steps": [
        {
          "DataId": 1000251,
          "Position": {
            "X": 147.08167,
            "Y": 15.5,
            "Z": -267.99426
          },
          "TerritoryId": 133,
          "InteractionType": "AcceptQuest",
          "AetheryteShortcut": "Gridania",
          "AethernetShortcut": [
            "[Gridania] Aetheryte Plaza",
            "[Gridania] Lancers' Guild"
          ],
          "SkipConditions": {
            "AetheryteShortcutIf": {
              "InSameTerritory": true,
              "InTerritory": [
                132
              ]
            }
          }
        }
      ]
    },
    {
      "Sequence": 1,
      "Steps": [
        {
          "DataId": 1000254,
          "Position": {
            "X": 157.7019,
            "Y": 15.900381,
            "Z": -270.34418
          },
          "TerritoryId": 133,
          "InteractionType": "Interact",
          "DialogueChoices": [
            {
              "Type": "YesNo",
              "Prompt": "TEXT_CLSLNC000_00023_Q1_000_1",
              "Yes": true
            }
          ]
        }
      ]
    },
    {
      "Sequence": 2,
      "Steps": [
        {
          "Position": {
            "X": 97.18397,
            "Y": 17.128555,
            "Z": -269.5008
          },
          "TerritoryId": 148,
          "InteractionType": "Combat",
          "EnemySpawnType": "OverworldEnemies",
          "ComplexCombatData": [
            {
              "DataId": 37,
              "CompletionQuestVariablesFlags": [
                {
                  "Low": 3
                },
                null,
                null,
                null,
                null,
                null
              ],
              "MinimumKillCount": 3
            }
          ],
          "CompletionQuestVariablesFlags": [
            {
              "Low": 3
            },
            null,
            null,
            null,
            null,
            null
          ],
          "$": "0 0  0 0  0 0 -> 19 0  0 0  0 0",
          "AethernetShortcut": [
            "[Gridania] Lancers' Guild",
            "[Gridania] Blue Badger Gate (Central Shroud)"
          ]
        },
        {
          "Position": {
            "X": 119.449745,
            "Y": 17.399649,
            "Z": -259.6467
          },
          "TerritoryId": 148,
          "InteractionType": "Combat",
          "EnemySpawnType": "OverworldEnemies",
          "ComplexCombatData": [
            {
              "DataId": 49,
              "CompletionQuestVariablesFlags": [
                null,
                {
                  "High": 3
                },
                null,
                null,
                null,
                null
              ],
              "MinimumKillCount": 3
            }
          ],
          "CompletionQuestVariablesFlags": [
            null,
            {
              "High": 3
            },
            null,
            null,
            null,
            null
          ],
          "$": "19 0  0 0  0 0 -> 35 48  0 0  0 0"
        },
        {
          "Position": {
            "X": 83.756714,
            "Y": 4.1801105,
            "Z": -191.24133
          },
          "TerritoryId": 148,
          "InteractionType": "Combat",
          "EnemySpawnType": "OverworldEnemies",
          "ComplexCombatData": [
            {
              "DataId": 47,
              "CompletionQuestVariablesFlags": [
                null,
                {
                  "Low": 3
                },
                null,
                null,
                null,
                null
              ],
              "MinimumKillCount": 3
            }
          ],
          "CompletionQuestVariablesFlags": [
            null,
            {
              "Low": 3
            },
            null,
            null,
            null,
            null
          ],
          "$": "35 48  0 0  0 0 -> 35 51  0 0  0 0 // This one automatically went to 0 0 0 0 0 0 so I am not sure about the 51 part"
        }
      ]
    },
    {
      "Sequence": 255,
      "Steps": [
        {
          "DataId": 1000254,
          "Position": {
            "X": 157.7019,
            "Y": 15.900381,
            "Z": -270.34418
          },
          "TerritoryId": 133,
          "AetheryteShortcut": "Gridania",
          "AethernetShortcut": [
            "[Gridania] Aetheryte Plaza",
            "[Gridania] Lancers' Guild"
          ],
          "InteractionType": "CompleteQuest",
          "NextQuestId": 47
        }
      ]
    }
  ]
}
