{
  "$schema": "https://git.carvel.li/liza/Questionable/raw/branch/master/QuestPaths/quest-v1.json",
  "Author": "Cacahuetes",
  "QuestSequence": [
    {
      "Sequence": 0,
      "Steps": [
        {
          "DataId": 1000254,
          "Position": {
            "X": 157.7019,
            "Y": 15.900381,
            "Z": -270.34418
          },
          "TerritoryId": 133,
          "InteractionType": "AcceptQuest",
          "AetheryteShortcut": "Gridania",
          "AethernetShortcut": [
            "[Gridania] Aetheryte Plaza",
            "[Gridania] Lancers' Guild"
          ],
          "SkipConditions": {
            "AetheryteShortcutIf": {
              "InSameTerritory": true,
              "InTerritory": [
                133
              ]
            }
          }
        }
      ]
    },
    {
      "Sequence": 1,
      "Steps": [
        {
          "DataId": 2000924,
          "Position": {
            "X": -389.24243,
            "Y": 65.537476,
            "Z": -186.57214
          },
          "TerritoryId": 148,
          "InteractionType": "SinglePlayerDuty",
          "AethernetShortcut": [
            "[Gridania] Lancers' Guild",
            "[Gridania] White Wolf Gate (Central Shroud)"
          ],
          "Fly": true
        }
      ]
    },
    {
      "Sequence": 2,
      "Steps": [
        {
          "DataId": 1000448,
          "Position": {
            "X": -287.00696,
            "Y": -54.431038,
            "Z": 289.99768
          },
          "TerritoryId": 154,
          "InteractionType": "SinglePlayerDuty",
          "SinglePlayerDutyOptions": {
            "Index": 1
          },
          "AetheryteShortcut": "North Shroud - Fallgourd Float",
          "Fly": true
        }
      ]
    },
    {
      "Sequence": 255,
      "Steps": [
        {
          "DataId": 1000254,
          "Position": {
            "X": 157.7019,
            "Y": 15.900381,
            "Z": -270.34418
          },
          "TerritoryId": 133,
          "AetheryteShortcut": "Gridania",
          "AethernetShortcut": [
            "[Gridania] Aetheryte Plaza",
            "[Gridania] Lancers' Guild"
          ],
          "InteractionType": "CompleteQuest",
          "NextQuestId": 1067
        }
      ]
    }
  ]
}
