{
  "$schema": "https://git.carvel.li/liza/Questionable/raw/branch/master/QuestPaths/quest-v1.json",
  "Author": "Cacahuetes",
  "QuestSequence": [
    {
      "Sequence": 0,
      "Steps": [
        {
          "DataId": 1000946,
          "Position": {
            "X": -61.142883,
            "Y": 42.299698,
            "Z": -164.0498
          },
          "TerritoryId": 128,
          "InteractionType": "AcceptQuest"
        }
      ]
    },
    {
      "Sequence": 255,
      "Steps": [
        {
          "DataId": 1000947,
          "Position": {
            "X": -54.64258,
            "Y": 44,
            "Z": -151.23218
          },
          "TerritoryId": 128,
          "InteractionType": "CompleteQuest",
          "DialogueChoices": [
            {
              "Type": "YesNo",
              "Prompt": "TEXT_CLSCUL011_00271_Q1_000_1",
              "Yes": true
            }
          ]
        }
      ]
    }
  ]
}
