{
  "$schema": "https://git.carvel.li/liza/Questionable/raw/branch/master/QuestPaths/quest-v1.json",
  "Author": "liza",
  "QuestSequence": [
    {
      "Sequence": 0,
      "Steps": [
        {
          "DataId": 1005553,
          "Position": {
            "X": 122.6062,
            "Y": 16.402647,
            "Z": -362.11188
          },
          "TerritoryId": 146,
          "InteractionType": "AcceptQuest"
        }
      ]
    },
    {
      "Sequence": 1,
      "Steps": [
        {
          "Position": {
            "X": 107.40087,
            "Y": 15.010546,
            "Z": -360.9872
          },
          "TerritoryId": 146,
          "InteractionType": "WalkTo",
          "$": "Southern Thanalan, Hamujj Gah Cave"
        },
        {
          "DataId": 2002931,
          "Position": {
            "X": -268.54352,
            "Y": 4.7455444,
            "Z": -77.16492
          },
          "StopDistance": 0.5,
          "TerritoryId": 146,
          "InteractionType": "Combat",
          "EnemySpawnType": "AfterInteraction",
          "KillEnemyDataIds": [
            2458,
            2459
          ],
          "Fly": true
        }
      ]
    },
    {
      "Sequence": 2,
      "Steps": [
        {
          "DataId": 1005579,
          "Position": {
            "X": -262.3789,
            "Y": 4.4491196,
            "Z": -75.791565
          },
          "TerritoryId": 146,
          "InteractionType": "Interact"
        }
      ]
    },
    {
      "Sequence": 3,
      "Steps": [
        {
          "DataId": 1005578,
          "Position": {
            "X": 89.00586,
            "Y": 14.439478,
            "Z": -387.77753
          },
          "TerritoryId": 146,
          "InteractionType": "Interact",
          "Fly": true
        }
      ]
    },
    {
      "Sequence": 255,
      "Steps": [
        {
          "DataId": 1005553,
          "Position": {
            "X": 122.6062,
            "Y": 16.402647,
            "Z": -362.11188
          },
          "TerritoryId": 146,
          "InteractionType": "CompleteQuest",
          "DialogueChoices": [
            {
              "Type": "List",
              "Prompt": "TEXT_BANAMA002_01218_SYSYTEM_Q1_000_1",
              "Answer": "TEXT_BANAMA002_01218_SYSYTEM_A1_000_1"
            }
          ]
        }
      ]
    }
  ]
}
