{
  "$schema": "https://git.carvel.li/liza/Questionable/raw/branch/master/QuestPaths/quest-v1.json",
  "Author": "liza",
  "QuestSequence": [
    {
      "Sequence": 0,
      "Steps": [
        {
          "DataId": 1000815,
          "Position": {
            "X": -233.9361,
            "Y": 6.668152,
            "Z": -171.03839
          },
          "TerritoryId": 133,
          "InteractionType": "AcceptQuest",
          "AetheryteShortcut": "Gridania",
          "AethernetShortcut": [
            "[Gridania] Aetheryte Plaza",
            "[Gridania] Botanists' Guild"
          ],
          "SkipConditions": {
            "AetheryteShortcutIf": {
              "InSameTerritory": true,
              "InTerritory": [
                133
              ]
            }
          }
        }
      ]
    },
    {
      "Sequence": 255,
      "Steps": [
        {
          "TerritoryId": 148,
          "InteractionType": "EquipRecommended"
        },
        {
          "TerritoryId": 148,
          "InteractionType": "Gather",
          "ItemsToGather": [
            {
              "ItemId": 5352,
              "ItemCount": 10
            }
          ]
        },
        {
          "DataId": 1000295,
          "Position": {
            "X": -234.24127,
            "Y": 8.000092,
            "Z": -155.169
          },
          "TerritoryId": 133,
          "InteractionType": "CompleteQuest",
          "AetheryteShortcut": "Gridania",
          "AethernetShortcut": [
            "[Gridania] Aetheryte Plaza",
            "[Gridania] Botanists' Guild"
          ],
          "NextQuestId": 6
        }
      ]
    }
  ]
}
