{
  "$schema": "https://git.carvel.li/liza/Questionable/raw/branch/master/GatheringPaths/gatheringlocation-v1.json",
  "Author": "liza",
  "Steps": [
    {
      "TerritoryId": 817,
      "InteractionType": "None",
      "AetheryteShortcut": "Rak'tika - Slitherbough"
    }
  ],
  "Groups": [
    {
      "Nodes": [
        {
          "DataId": 33007,
          "Locations": [
            {
              "Position": {
                "X": -643.0819,
                "Y": 1.715566,
                "Z": 600.3007
              }
            }
          ]
        }
      ]
    },
    {
      "Nodes": [
        {
          "DataId": 33006,
          "Locations": [
            {
              "Position": {
                "X": -664.0663,
                "Y": 4.130917,
                "Z": 608.2639
              },
              "MinimumAngle": 100,
              "MaximumAngle": 235
            }
          ]
        }
      ]
    },
    {
      "Nodes": [
        {
          "DataId": 33008,
          "Locations": [
            {
              "Position": {
                "X": -689.2495,
                "Y": 4.592032,
                "Z": 603.05
              },
              "MinimumAngle": -95,
              "MaximumAngle": 85
            }
          ]
        }
      ]
    }
  ]
}
