{
    "$schema": "https://git.carvel.li/liza/Questionable/raw/branch/master/QuestPaths/quest-v1.json",
    "Author": "Censored",
    "QuestSequence": [
        {
            "Sequence": 0,
            "Steps": [
                {
                    "DataId": 1005938,
                    "Position": {
                        "X": -220.7218,
                        "Y": -40.720844,
                        "Z": 37.247192
                    },
                    "TerritoryId": 138,
                    "InteractionType": "AcceptQuest",
                    "AetheryteShortcut": "Western La Noscea - Aleport",
                    "Fly": true,
                    "SkipConditions": {
                        "AetheryteShortcutIf": {
                            "NearPosition": {
                                "Position": {
                                    "X": -220.7218,
                                    "Y": -40.720844,
                                    "Z": 37.247192
                                },
                                "TerritoryId": 138,
                                "MaximumDistance": 50
                            }
                        }
                    }
                }
            ]
        },
        {
            "Sequence": 1,
            "Steps": [
                {
                    "DataId": 1005946,
                    "Position": {
                        "X": -239.27673,
                        "Y": -42.130188,
                        "Z": 15.213196
                    },
                    "TerritoryId": 138,
                    "InteractionType": "Interact",
                    "DialogueChoices": [
                        {
                            "Type": "YesNo",
                            "Prompt": "TEXT_BANSAH109_01387_Q1_000_000",
                            "Yes": true
                        }
                    ],
                    "SkipConditions": {
                        "StepIf": {
                            "NearPosition": {
                                "Position": {
                                    "X": -847.4226,
                                    "Y": -25.652754,
                                    "Z": 886.75653
                                },
                                "TerritoryId": 138,
                                "MaximumDistance": 50
                            }
                        }
                    }
                },
                {
                    "Position": {
                        "X": -847.4226,
                        "Y": -25.652754,
                        "Z": 886.75653
                    },
                    "TerritoryId": 138,
                    "InteractionType": "Combat",
                    "EnemySpawnType": "AutoOnEnterArea",
                    "KillEnemyDataIds": [
                        2839
                    ]
                },
                {
                    "DataId": 2004006,
                    "Position": {
                        "X": -845.79236,
                        "Y": -25.650513,
                        "Z": 887.6019
                    },
                    "TerritoryId": 138,
                    "InteractionType": "Interact"
                },
                {
                    "Position": {
                        "X": -834.959,
                        "Y": -25.652752,
                        "Z": 881.4168
                    },
                    "TerritoryId": 138,
                    "InteractionType": "Combat",
                    "EnemySpawnType": "AutoOnEnterArea",
                    "KillEnemyDataIds": [
                        2839
                    ]
                },
                {
                    "DataId": 2004005,
                    "Position": {
                        "X": -833.2799,
                        "Y": -25.68097,
                        "Z": 880.70483
                    },
                    "TerritoryId": 138,
                    "InteractionType": "Interact"
                },
                {
                    "Position": {
                        "X": -830.6505,
                        "Y": -25.647753,
                        "Z": 896.4246
                    },
                    "TerritoryId": 138,
                    "InteractionType": "Combat",
                    "EnemySpawnType": "AutoOnEnterArea",
                    "KillEnemyDataIds": [
                        2839
                    ]
                },
                {
                    "DataId": 2004004,
                    "Position": {
                        "X": -830.1366,
                        "Y": -25.68097,
                        "Z": 897.48975
                    },
                    "TerritoryId": 138,
                    "InteractionType": "Interact"
                }
            ]
        },
        {
            "Sequence": 255,
            "Steps": [
                {
                    "DataId": 1005938,
                    "Position": {
                        "X": -220.7218,
                        "Y": -40.720844,
                        "Z": 37.247192
                    },
                    "TerritoryId": 138,
                    "InteractionType": "CompleteQuest",
                    "AetheryteShortcut": "Western La Noscea - Aleport",
                    "Fly": true,
                    "SkipConditions": {
                        "AetheryteShortcutIf": {
                            "NearPosition": {
                                "Position": {
                                    "X": -220.7218,
                                    "Y": -40.720844,
                                    "Z": 37.247192
                                },
                                "TerritoryId": 138,
                                "MaximumDistance": 50
                            }
                        }
                    }
                }
            ]
        }
    ]
}
