{
    "$schema": "https://git.carvel.li/liza/Questionable/raw/branch/master/QuestPaths/quest-v1.json",
    "Author": "Censored",
    "Disabled": true,
    "Comment": "Needs more testing and edge case handling",
    "QuestSequence": [
        {
            "Sequence": 0,
            "Steps": [
                {
                    "DataId": 1005940,
                    "Position": {
                        "X": -226.12347,
                        "Y": -40.48583,
                        "Z": 57.083984
                    },
                    "TerritoryId": 138,
                    "InteractionType": "AcceptQuest",
                    "AetheryteShortcut": "Western La Noscea - Aleport",
                    "Fly": true,
                    "SkipConditions": {
                        "AetheryteShortcutIf": {
                            "NearPosition": {
                                "Position": {
                                    "X": -226.12347,
                                    "Y": -40.48583,
                                    "Z": 57.083984
                                },
                                "TerritoryId": 138,
                                "MaximumDistance": 50
                            }
                        }
                    }
                }
            ]
        },
        {
            "Sequence": 1,
            "Steps": [
                {
                    "DataId": 1008810,
                    "Position": {
                        "X": -374.62427,
                        "Y": -39.424538,
                        "Z": -351.46106
                    },
                    "TerritoryId": 138,
                    "InteractionType": "Combat",
                    "EnemySpawnType": "AfterInteraction",
                    "Fly": true,
                    "KillEnemyDataIds": [
                        2844
                    ],
                    "CompletionQuestVariablesFlags": [
                        null,
                        null,
                        null,
                        null,
                        null,
                        32
                    ]
                },
                {
                    "DataId": 1008814,
                    "Position": {
                        "X": -368.58167,
                        "Y": -39.582714,
                        "Z": -356.71014
                    },
                    "TerritoryId": 138,
                    "InteractionType": "Interact",
                    "CompletionQuestVariablesFlags": [
                        null,
                        null,
                        null,
                        null,
                        null,
                        2
                    ]
                },
                {
                    "DataId": 1008812,
                    "Position": {
                        "X": -363.42413,
                        "Y": -39.34171,
                        "Z": -362.75275
                    },
                    "TerritoryId": 138,
                    "InteractionType": "Combat",
                    "EnemySpawnType": "AfterInteraction",
                    "KillEnemyDataIds": [
                        2844
                    ],
                    "CompletionQuestVariablesFlags": [
                        null,
                        null,
                        null,
                        null,
                        null,
                        8
                    ]
                },
                {
                    "DataId": 1008808,
                    "Position": {
                        "X": -360.28082,
                        "Y": -39.216816,
                        "Z": -369.28363
                    },
                    "TerritoryId": 138,
                    "InteractionType": "Combat",
                    "EnemySpawnType": "AfterInteraction",
                    "KillEnemyDataIds": [
                        2844
                    ],
                    "CompletionQuestVariablesFlags": [
                        null,
                        null,
                        null,
                        null,
                        null,
                        128
                    ]
                },
                {
                    "DataId": 1008811,
                    "Position": {
                        "X": -355.3979,
                        "Y": -38.487797,
                        "Z": -378.62213
                    },
                    "TerritoryId": 138,
                    "InteractionType": "Combat",
                    "EnemySpawnType": "AfterInteraction",
                    "KillEnemyDataIds": [
                        2844
                    ]
                }
            ]
        },
        {
            "Sequence": 255,
            "Steps": [
                {
                    "DataId": 1005940,
                    "Position": {
                        "X": -226.12347,
                        "Y": -40.48583,
                        "Z": 57.083984
                    },
                    "TerritoryId": 138,
                    "InteractionType": "CompleteQuest",
                    "Fly": true
                }
            ]
        }
    ]
}