﻿{
  "$schema": "https://git.carvel.li/liza/Questionable/raw/branch/master/QuestPaths/quest-v1.json",
  "Author": "liza",
  "QuestSequence": [
    {
      "Sequence": 0,
      "Steps": [
        {
          "DataId": 1005562,
          "Position": {
            "X": 36.850464,
            "Y": -4.8778634,
            "Z": 249.19507
          },
          "TerritoryId": 152,
          "InteractionType": "AcceptQuest"
        }
      ]
    },
    {
      "Sequence": 1,
      "Steps": [
        {
          "Position": {
            "X": 336.78577,
            "Y": -17.169508,
            "Z": -252.20335
          },
          "TerritoryId": 152,
          "InteractionType": "Combat",
          "EnemySpawnType": "OverworldEnemies",
          "KillEnemyDataIds": [
            2464
          ],
          "Fly": true
        }
      ]
    },
    {
      "Sequence": 255,
      "Steps": [
        {
          "DataId": 1005562,
          "Position": {
            "X": 36.850464,
            "Y": -4.8778634,
            "Z": 249.19507
          },
          "TerritoryId": 152,
          "InteractionType": "CompleteQuest",
          "AetheryteShortcut": "East Shroud - Hawthorne Hut",
          "Fly": true
        }
      ]
    }
  ]
}
