﻿{
  "$schema": "https://git.carvel.li/liza/Questionable/raw/branch/master/QuestPaths/quest-v1.json",
  "Author": "liza",
  "QuestSequence": [
    {
      "Sequence": 0,
      "Steps": [
        {
          "DataId": 1003281,
          "Position": {
            "X": 97.520386,
            "Y": 40.248554,
            "Z": 81.1322
          },
          "TerritoryId": 128,
          "InteractionType": "AcceptQuest"
        }
      ]
    },
    {
      "Sequence": 1,
      "Steps": [
        {
          "DataId": 1008826,
          "Position": {
            "X": 508.23218,
            "Y": 9.926135,
            "Z": 251.45337
          },
          "TerritoryId": 137,
          "InteractionType": "Interact",
          "AetheryteShortcut": "Eastern La Noscea - Costa Del Sol",
          "Fly": true
        }
      ]
    },
    {
      "Sequence": 2,
      "Steps": [
        {
          "DataId": 1008832,
          "Position": {
            "X": 510.97888,
            "Y": 8.979649,
            "Z": 259.38806
          },
          "StopDistance": 7,
          "TerritoryId": 137,
          "InteractionType": "Interact",
          "CompletionQuestVariablesFlags": [
            null,
            null,
            null,
            null,
            null,
            16
          ]
        },
        {
          "DataId": 1008831,
          "Position": {
            "X": 514.42737,
            "Y": 8.931801,
            "Z": 254.32202
          },
          "StopDistance": 7,
          "TerritoryId": 137,
          "InteractionType": "Interact",
          "CompletionQuestVariablesFlags": [
            null,
            null,
            null,
            null,
            null,
            32
          ]
        },
        {
          "DataId": 1008830,
          "Position": {
            "X": 519.24915,
            "Y": 8.867149,
            "Z": 245.8075
          },
          "TerritoryId": 137,
          "InteractionType": "UseItem",
          "ItemId": 2001288,
          "CompletionQuestVariablesFlags": [
            null,
            null,
            null,
            null,
            null,
            64
          ]
        },
        {
          "DataId": 1008829,
          "Position": {
            "X": 497.15417,
            "Y": 12.65078,
            "Z": 245.07507
          },
          "TerritoryId": 137,
          "InteractionType": "UseItem",
          "ItemId": 2001288,
          "CompletionQuestVariablesFlags": [
            null,
            null,
            null,
            null,
            null,
            128
          ]
        }
      ]
    },
    {
      "Sequence": 3,
      "Steps": [
        {
          "DataId": 1008826,
          "Position": {
            "X": 508.23218,
            "Y": 9.926135,
            "Z": 251.45337
          },
          "TerritoryId": 137,
          "InteractionType": "Interact"
        }
      ]
    },
    {
      "Sequence": 4,
      "Steps": [
        {
          "DataId": 1008827,
          "Position": {
            "X": 508.35413,
            "Y": 9.910819,
            "Z": 250.26318
          },
          "TerritoryId": 137,
          "InteractionType": "Interact"
        }
      ]
    },
    {
      "Sequence": 5,
      "Steps": [
        {
          "Position": {
            "X": -204.7492,
            "Y": -41.732693,
            "Z": 21.867413
          },
          "TerritoryId": 138,
          "InteractionType": "WalkTo",
          "AetheryteShortcut": "Western La Noscea - Aleport",
          "Fly": true
        },
        {
          "DataId": 1008916,
          "Position": {
            "X": -207.44641,
            "Y": -42.06953,
            "Z": 22.140747
          },
          "StopDistance": 5,
          "TerritoryId": 138,
          "InteractionType": "Interact"
        }
      ]
    },
    {
      "Sequence": 255,
      "Steps": [
        {
          "DataId": 1005937,
          "Position": {
            "X": -238.02551,
            "Y": -40.828262,
            "Z": 68.28406
          },
          "TerritoryId": 138,
          "InteractionType": "CompleteQuest",
          "Fly": true,
          "NextQuestId": 1375
        }
      ]
    }
  ]
}
