{
    "$schema": "https://git.carvel.li/liza/Questionable/raw/branch/master/QuestPaths/quest-v1.json",
    "Author": "Censored",
    "QuestSequence": [
        {
            "Sequence": 0,
            "Steps": [
                {
                    "DataId": 1005937,
                    "Position": {
                        "X": -238.02551,
                        "Y": -40.828262,
                        "Z": 68.28406
                    },
                    "TerritoryId": 138,
                    "InteractionType": "AcceptQuest",
                    "AetheryteShortcut": "Western La Noscea - Aleport",
                    "Fly": true,
                    "SkipConditions": {
                        "AetheryteShortcutIf": {
                            "NearPosition": {
                                "Position": {
                                    "X": -238.02551,
                                    "Y": -40.828262,
                                    "Z": 68.28406
                                },
                                "TerritoryId": 138,
                                "MaximumDistance": 50
                            }
                        }
                    }
                }
            ]
        },
        {
            "Sequence": 1,
            "Steps": [
                {
                    "DataId": 1006614,
                    "Position": {
                        "X": 65.87317,
                        "Y": -3.1181886,
                        "Z": 61.41748
                    },
                    "TerritoryId": 138,
                    "InteractionType": "Interact",
                    "Fly": true
                }
            ]
        },
        {
            "Sequence": 2,
            "Steps": [
                {
                    "DataId": 1005937,
                    "Position": {
                        "X": -238.02551,
                        "Y": -40.828262,
                        "Z": 68.28406
                    },
                    "TerritoryId": 138,
                    "InteractionType": "Interact",
                    "Fly": true
                }
            ]
        },
        {
            "Sequence": 3,
            "Steps": [
                {
                    "DataId": 2004024,
                    "Position": {
                        "X": -412.95496,
                        "Y": -39.047913,
                        "Z": -229.72461
                    },
                    "TerritoryId": 138,
                    "InteractionType": "Interact",
                    "Fly": true
                }
            ]
        },
        {
            "Sequence": 4,
            "Steps": [
                {
                    "DataId": 1005937,
                    "Position": {
                        "X": -238.02551,
                        "Y": -40.828262,
                        "Z": 68.28406
                    },
                    "TerritoryId": 138,
                    "InteractionType": "Interact",
                    "Fly": true
                }
            ]
        },
        {
            "Sequence": 5,
            "Steps": [
                {
                    "DataId": 1005946,
                    "Position": {
                        "X": -239.27673,
                        "Y": -42.130188,
                        "Z": 15.213196
                    },
                    "TerritoryId": 138,
                    "InteractionType": "Interact",
                    "DialogueChoices": [
                        {
                            "Type": "YesNo",
                            "Prompt": "TEXT_BANSAH005_01378_Q1_000_000",
                            "Yes": true
                        }
                    ]
                }
            ]
        },
        {
            "Sequence": 6,
            "Steps": [
                {
                    "Position": {
                        "X": -919.11914,
                        "Y": -31.760002,
                        "Z": 820.28955
                    },
                    "TerritoryId": 138,
                    "InteractionType": "Combat",
                    "EnemySpawnType": "OverworldEnemies",
                    "KillEnemyDataIds": [ 765, 775 ]
                }
            ]
        },
        {
            "Sequence": 7,
            "Steps": [
                {
                    "DataId": 1008922,
                    "Position": {
                        "X": -914.8852,
                        "Y": -31.75,
                        "Z": 811.6426
                    },
                    "TerritoryId": 138,
                    "InteractionType": "UseItem",
                    "ItemId": 2001295
                }
            ]
        },
        {
            "Sequence": 8,
            "Steps": [
                {
                    "DataId": 1008923,
                    "Position": {
                        "X": 321.85852,
                        "Y": -36.32501,
                        "Z": 350.1792
                    },
                    "TerritoryId": 138,
                    "InteractionType": "Interact"
                }
            ]
        },
        {
            "Sequence": 9,
            "Steps": [
                {
                    "DataId": 1005937,
                    "Position": {
                        "X": -238.02551,
                        "Y": -40.828262,
                        "Z": 68.28406
                    },
                    "TerritoryId": 138,
                    "InteractionType": "Interact",
                    "Fly": true
                }
            ]
        },
        {
            "Sequence": 255,
            "Steps": [
                {
                    "DataId": 1003281,
                    "Position": {
                        "X": 97.520386,
                        "Y": 40.248554,
                        "Z": 81.1322
                    },
                    "TerritoryId": 128,
                    "InteractionType": "CompleteQuest",
                    "AetheryteShortcut": "Limsa Lominsa",
                    "AethernetShortcut": [
                        "[Limsa Lominsa] Aetheryte Plaza",
                        "[Limsa Lominsa] The Aftcastle"
                    ]
                }
            ]
        }
    ]
}