﻿{
  "$schema": "https://git.carvel.li/liza/Questionable/raw/branch/master/QuestPaths/quest-v1.json",
  "Author": "pot0to",
  "QuestSequence": [
    {
      "Sequence": 0,
      "Steps": [
        {
          "DataId": 1002279,
          "Position": {
              "X": -196.8872,
              "Y": 18.459997,
              "Z": 59.952637
          },
          "TerritoryId": 130,
          "InteractionType": "AcceptQuest",
          "AetheryteShortcut": "Ul'dah",
          "AethernetShortcut": [
            "[Ul'dah] Aetheryte Plaza",
            "[Ul'dah] Thaumaturges' Guild"
          ],
          "SkipConditions": {
            "AetheryteShortcutIf": {
              "InSameTerritory": true,
              "InTerritory": [
                130
              ]
            }
          }
        }
      ]
    },
    {
      "Sequence": 1,
      "Steps": [
        {
          "DataId": 2002533,
          "Position": {
              "X": -72.67877,
              "Y": -32.059265,
              "Z": -46.830017
          },
          "TerritoryId": 145,
          "InteractionType": "Combat",
          "AetheryteShortcut": "Eastern Thanalan - Camp Drybone",
          "Fly": true,
          "EnemySpawnType": "AfterInteraction",
          "KillEnemyDataIds": [
            305
          ]
        }
      ]
    },
    {
      "Sequence": 2,
      "Steps": [
        {
          "DataId": 2002429,
          "Position": {
              "X": -72.67877,
              "Y": -32.059265,
              "Z": -46.830017
          },
          "TerritoryId": 145,
          "InteractionType": "UseItem",
          "ItemId": 2000954
        }
      ]
    },
    {
      "Sequence": 3,
      "Steps": [
        {
          "DataId": 1002279,
          "Position": {
              "X": -196.8872,
              "Y": 18.459997,
              "Z": 59.952637
          },
          "TerritoryId": 130,
          "InteractionType": "Interact",
          "AetheryteShortcut": "Ul'dah",
          "AethernetShortcut": [
            "[Ul'dah] Aetheryte Plaza",
            "[Ul'dah] Thaumaturges' Guild"
          ]
        }
      ]
    },
    {
      "Sequence": 255,
      "Steps": [
        {
          "DataId": 1006752,
          "Position": {
              "X": 87.5105,
              "Y": 18,
              "Z": 113.725464
          },
          "TerritoryId": 131,
          "InteractionType": "CompleteQuest",
          "AethernetShortcut": [
            "[Ul'dah] Thaumaturges' Guild",
            "[Ul'dah] Weavers' Guild"
          ],
          "SkipConditions": {
            "AetheryteShortcutIf": {
              "InSameTerritory": true,
              "InTerritory": [
                130
              ]
            }
          }
        }
      ]
    }
  ]
}
