﻿{
  "$schema": "https://git.carvel.li/liza/Questionable/raw/branch/master/QuestPaths/quest-v1.json",
  "Author": "pot0to",
  "QuestSequence": [
    {
      "Sequence": 0,
      "Steps": [
        {
          "DataId": 1006753,
          "Position": {
              "X": 325.063,
              "Y": 11.236564,
              "Z": -6.2105103
          },
          "TerritoryId": 145,
          "InteractionType": "AcceptQuest",
          "AetheryteShortcut": "Eastern Thanalan - Camp Drybone",
          "Fly": true,
          "SkipConditions": {
            "AetheryteShortcutIf": {
              "InSameTerritory": true
            }
          }
        }
      ]
    },
    {
      "Sequence": 1,
      "Steps": [
        {
          "DataId": 1006752,
          "Position": {
              "X": 87.5105,
              "Y": 18,
              "Z": 113.725464
          },
          "TerritoryId": 131,
          "InteractionType": "Interact",
          "AetheryteShortcut": "Ul'dah",
          "AethernetShortcut": [
            "[Ul'dah] Aetheryte Plaza",
            "[Ul'dah] Weavers' Guild"
          ],
          "SkipConditions": {
            "AetheryteShortcutIf": {
              "InSameTerritory": true,
              "InTerritory": [
                130,
                131
              ]
            }
          }
        }
      ]
    },
    {
      "Sequence": 2,
      "Steps": [
        {
          "Position": {
            "X": -173.17781,
            "Y": 18.28456,
            "Z": -280.36884
          },
          "TerritoryId": 146,
          "InteractionType": "WalkTo",
          "AetheryteShortcut": "Southern Thanalan - Little Ala Mhigo",
          "SkipConditions": {
            "StepIf": {
              "Flying": "Unlocked"
            }
          }
        },
        {
          "Position": {
            "X": -180.27478,
            "Y": 3.2999475,
            "Z": -243.23695
          },
          "TerritoryId": 146,
          "InteractionType": "WalkTo",
          "DisableNavmesh": true,
          "SkipConditions": {
            "StepIf": {
              "Flying": "Unlocked"
            }
          }
        },
        {
          "Position": {
            "X": -261.198,
            "Y": 18.43726,
            "Z": -104.834755
          },
          "TerritoryId": 146,
          "InteractionType": "WalkTo",
          "Fly": true,
          "SkipConditions": {
            "StepIf": {
              "Flying": "Locked"
            }
          }
        },
        {
          "Position": {
            "X": -428.2874,
            "Y": 5.952176,
            "Z": -21.0684
          },
          "TerritoryId": 146,
          "InteractionType": "WalkTo",
          "Fly": true
        },
        {
          "Position": {
              "X": -431.92166,
              "Y": 6.5580425,
              "Z": -17.561014
          },
          "StopDistance": 0.5,
          "TerritoryId": 146,
          "InteractionType": "SinglePlayerDuty",
          "Mount": false
        }
      ]
    },
    {
      "Sequence": 3,
      "Steps": [
        {
          "DataId": 1007872,
          "Position": {
              "X": -468.925,
              "Y": -3.1649342,
              "Z": 59.464355
          },
          "TerritoryId": 146,
          "InteractionType": "Interact",
          "CompletionQuestVariablesFlags": [
            null,
            null,
            null,
            null,
            null,
            64
          ]
        },
        {
          "DataId": 1007871,
          "Position": {
              "X": -464.46936,
              "Y": -3.1649272,
              "Z": 65.415405
          },
          "TerritoryId": 146,
          "InteractionType": "Interact",
          "CompletionQuestVariablesFlags": [
            null,
            null,
            null,
            null,
            null,
            128
          ]
        },
        {
          "DataId": 1007873,
          "Position": {
              "X": -458.70148,
              "Y": -3.164927,
              "Z": 63.370728
          },
          "TerritoryId": 146,
          "InteractionType": "Interact",
          "CompletionQuestVariablesFlags": [
            null,
            null,
            null,
            null,
            null,
            32
          ]
        }
      ]
    },
    {
      "Sequence": 255,
      "Steps": [
        {
          "DataId": 1006753,
          "Position": {
              "X": 325.063,
              "Y": 11.236564,
              "Z": -6.2105103
          },
          "TerritoryId": 145,
          "InteractionType": "CompleteQuest",
          "AetheryteShortcut": "Eastern Thanalan - Camp Drybone",
          "Fly": true,
          "SkipConditions": {
            "AetheryteShortcutIf": {
              "InSameTerritory": true
            }
          },
          "NextQuestId": 1678
        }
      ]
    }
  ]
}
