{
  "$schema": "https://git.carvel.li/liza/Questionable/raw/branch/master/QuestPaths/quest-v1.json",
  "Author": "Cacahuetes",
  "QuestSequence": [
    {
      "Sequence": 0,
      "Steps": [
        {
          "DataId": 1002279,
          "Position": {
            "X": -196.8872,
            "Y": 18.459997,
            "Z": 59.952637
          },
          "TerritoryId": 130,
          "InteractionType": "AcceptQuest",
          "AetheryteShortcut": "Ul'dah",
          "AethernetShortcut": [
            "[Ul'dah] Aetheryte Plaza",
            "[Ul'dah] Thaumaturges' Guild"
          ],
          "SkipConditions": {
            "AetheryteShortcutIf": {
              "InSameTerritory": true
            }
          },
          "DialogueChoices": [
            {
              "Type": "YesNo",
              "Prompt": "TEXT_CLSTHM001_00183_Q1_000_1",
              "Yes": true
            }
          ]
        }
      ]
    }
  ]
}
