﻿{
  "$schema": "https://git.carvel.li/liza/Questionable/raw/branch/master/QuestPaths/quest-v1.json",
  "Author": "pot0to",
  "QuestSequence": [
    {
      "Sequence": 0,
      "Steps": [
        {
          "DataId": 1001709,
          "Position": {
              "X": -240.4975,
              "Y": 18.7,
              "Z": 85.58777
          },
          "TerritoryId": 130,
          "InteractionType": "AcceptQuest",
          "AetheryteShortcut": "Ul'dah",
          "AethernetShortcut": [
            "[Ul'dah] Aetheryte Plaza",
            "[Ul'dah] Thaumaturges' Guild"
          ],
          "SkipConditions": {
            "AetheryteShortcutIf": {
              "InSameTerritory": true,
              "InTerritory": [
                130
              ]
            }
          }
        }
      ]
    },
    {
      "Sequence": 1,
      "Steps": [
        {
          "DataId": 1001708,
          "Position": {
              "X": -250.3548,
              "Y": 18,
              "Z": 80.88806
          },
          "TerritoryId": 130,
          "InteractionType": "Interact"
        }
      ]
    },
    {
      "Sequence": 2,
      "Steps": [
        {
          "DataId": 1002309,
          "Position": {
              "X": -374.28857,
              "Y": -57.079987,
              "Z": 144.12134
          },
          "TerritoryId": 145,
          "InteractionType": "Interact",
          "AetheryteShortcut": "Eastern Thanalan - Camp Drybone",
          "SkipConditions": {
            "AetheryteShortcutIf": {
              "InSameTerritory": true,
              "InTerritory": [
                145
              ]
            }
          }
        },
        {
          "DataId": 1002308,
          "Position": {
              "X": -386.7094,
              "Y": -59.300003,
              "Z": 166.39954
          },
          "TerritoryId": 145,
          "InteractionType": "Interact"
        },
        {
          "DataId": 1002307,
          "Position": {
              "X": -396.65833,
              "Y": -48.15,
              "Z": 99.68713
          },
          "TerritoryId": 145,
          "InteractionType": "Interact"
        }
      ]
    },
    {
      "Sequence": 3,
      "Steps": [
        {
          "DataId": 1001708,
          "Position": {
              "X": -250.3548,
              "Y": 18,
              "Z": 80.88806
          },
          "TerritoryId": 130,
          "InteractionType": "Interact",
          "AetheryteShortcut": "Ul'dah",
          "AethernetShortcut": [
            "[Ul'dah] Aetheryte Plaza",
            "[Ul'dah] Thaumaturges' Guild"
          ],
          "SkipConditions": {
            "AetheryteShortcutIf": {
              "InSameTerritory": true,
              "InTerritory": [
                130
              ]
            }
          }
        }
      ]
    },
    {
      "Sequence": 4,
      "Steps": [
        {
          "DataId": 1001709,
          "Position": {
              "X": -240.4975,
              "Y": 18.7,
              "Z": 85.58777
          },
          "TerritoryId": 130,
          "InteractionType": "Interact"
        }
      ]
    },
    {
      "Sequence": 5,
      "Steps": [
        {
          "Position": {
              "X": 222.64497,
              "Y": 5.099169,
              "Z": -265.77835
          },
          "TerritoryId": 145,
          "Fly": true,
          "InteractionType": "WalkTo",
          "AetheryteShortcut": "Eastern Thanalan - Camp Drybone",
          "SkipConditions": {
            "AetheryteShortcutIf": {
              "InSameTerritory": true,
              "InTerritory": [
                145
              ]
            }
          }
        },
        {
          "DataId": 1002310,
          "Position": {
              "X": 184.89343,
              "Y": 3.1809213,
              "Z": -338.64355
          },
          "TerritoryId": 145,
          "InteractionType": "SinglePlayerDuty"
        }
      ]
    },
    {
      "Sequence": 255,
      "Steps": [
        {
          "DataId": 1001708,
          "Position": {
            "X": -250.3548,
            "Y": 18,
            "Z": 80.88806
          },
          "TerritoryId": 130,
          "InteractionType": "CompleteQuest",
          "AetheryteShortcut": "Ul'dah",
          "AethernetShortcut": [
            "[Ul'dah] Aetheryte Plaza",
            "[Ul'dah] Thaumaturges' Guild"
          ],
          "SkipConditions": {
            "AetheryteShortcutIf": {
              "InSameTerritory": true,
              "InTerritory": [
                130
              ]
            }
          },
          "NextQuestId": 353
        }
      ]
    }
  ]
}
