{
  "$schema": "https://git.carvel.li/liza/Questionable/raw/branch/master/QuestPaths/quest-v1.json",
  "Author": "liza",
  "QuestSequence": [
    {
      "Sequence": 0,
      "Steps": [
        {
          "DataId": 1000148,
          "Position": {
            "X": -20.279297,
            "Y": -3.25,
            "Z": 45.97534
          },
          "TerritoryId": 132,
          "InteractionType": "AcceptQuest"
        }
      ]
    },
    {
      "Sequence": 255,
      "Steps": [
        {
          "DataId": 1000153,
          "Position": {
            "X": -44.87683,
            "Y": -1.2500024,
            "Z": 56.839844
          },
          "TerritoryId": 132,
          "InteractionType": "CompleteQuest",
          "DialogueChoices": [
            {
              "Type": "YesNo",
              "Prompt": "TEXT_CLSWDK000_00138_Q1_000_1",
              "Yes": true
            }
          ]
        }
      ]
    }
  ]
}
