{
  "$schema": "https://git.carvel.li/liza/Questionable/raw/branch/master/QuestPaths/quest-v1.json",
  "Author": "liza",
  "QuestSequence": [
    {
      "Sequence": 0,
      "Steps": [
        {
          "TerritoryId": 132,
          "InteractionType": "EquipItem",
          "ItemId": 2314
        },
        {
          "DataId": 1000153,
          "Position": {
            "X": -44.87683,
            "Y": -1.2500024,
            "Z": 56.839844
          },
          "TerritoryId": 132,
          "InteractionType": "AcceptQuest"
        }
      ]
    },
    {
      "Sequence": 255,
      "Steps": [
        {
          "DataId": 1000153,
          "Position": {
            "X": -44.87683,
            "Y": -1.2500024,
            "Z": 56.839844
          },
          "TerritoryId": 132,
          "InteractionType": "CompleteQuest"
        }
      ]
    }
  ]
}
