{
  "$schema": "https://git.carvel.li/liza/Questionable/raw/branch/master/QuestPaths/quest-v1.json",
  "Author": "liza",
  "QuestSequence": [
    {
      "Sequence": 0,
      "Steps": [
        {
          "DataId": 1005928,
          "Position": {
            "X": 7.095398,
            "Y": 16.167778,
            "Z": -188.67786
          },
          "TerritoryId": 180,
          "InteractionType": "AcceptQuest"
        }
      ]
    },
    {
      "Sequence": 1,
      "Steps": [
        {
          "Position": {
            "X": 11.243606,
            "Y": 49.8394,
            "Z": -374.39398
          },
          "TerritoryId": 180,
          "InteractionType": "WalkTo",
          "Fly": true,
          "SkipConditions": {
            "StepIf": {
              "CompletionQuestVariablesFlags": [
                null,
                null,
                null,
                null,
                null,
                128
              ]
            }
          }
        },
        {
          "DataId": 2003774,
          "Position": {
            "X": 10.269287,
            "Y": 49.82068,
            "Z": -375.5398
          },
          "TerritoryId": 180,
          "InteractionType": "Interact",
          "CompletionQuestVariablesFlags": [
            null,
            null,
            null,
            null,
            null,
            128
          ]
        },
        {
          "DataId": 2004022,
          "Position": {
            "X": 39.139404,
            "Y": 48.2948,
            "Z": -342.33618
          },
          "TerritoryId": 180,
          "InteractionType": "Interact",
          "CompletionQuestVariablesFlags": [
            null,
            null,
            null,
            null,
            null,
            8
          ]
        },
        {
          "DataId": 2004020,
          "Position": {
            "X": 51.102417,
            "Y": 48.2948,
            "Z": -349.50793
          },
          "TerritoryId": 180,
          "InteractionType": "Interact"
        }
      ]
    },
    {
      "Sequence": 255,
      "Steps": [
        {
          "DataId": 1005928,
          "Position": {
            "X": 7.095398,
            "Y": 16.167778,
            "Z": -188.67786
          },
          "TerritoryId": 180,
          "InteractionType": "CompleteQuest",
          "Fly": true
        }
      ]
    }
  ]
}
