{
  "$schema": "https://git.carvel.li/liza/Questionable/raw/branch/master/QuestPaths/quest-v1.json",
  "Author": "liza",
  "QuestSequence": [
    {
      "Sequence": 0,
      "Steps": [
        {
          "DataId": 1005928,
          "Position": {
            "X": 7.095398,
            "Y": 16.167778,
            "Z": -188.67786
          },
          "TerritoryId": 180,
          "InteractionType": "AcceptQuest",
          "AetheryteShortcut": "Outer La Noscea - Camp Overlook",
          "Fly": true,
          "SkipConditions": {
            "AetheryteShortcutIf": {
              "NearPosition": {
                "Position": {
                  "X": 7.095398,
                  "Y": 16.167778,
                  "Z": -188.67786
                },
                "TerritoryId": 180,
                "MaximumDistance": 50
              }
            }
          }
        }
      ]
    },
    {
      "Sequence": 1,
      "Steps": [
        {
          "Position": {
            "X": -1.668298,
            "Y": 48.422268,
            "Z": -312.28842
          },
          "TerritoryId": 180,
          "InteractionType": "Combat",
          "EnemySpawnType": "OverworldEnemies",
          "ComplexCombatData": [
            {
              "DataId": 327,
              "MinimumKillCount": 3,
              "RewardItemId": 2001266,
              "RewardItemCount": 3
            }
          ]
        }
      ]
    },
    {
      "Sequence": 2,
      "Steps": [
        {
          "DataId": 1005932,
          "Position": {
            "X": -1.236023,
            "Y": 33.38838,
            "Z": -244.19019
          },
          "TerritoryId": 180,
          "InteractionType": "Interact",
          "Fly": true
        }
      ]
    },
    {
      "Sequence": 255,
      "Steps": [
        {
          "DataId": 1005928,
          "Position": {
            "X": 7.095398,
            "Y": 16.167778,
            "Z": -188.67786
          },
          "TerritoryId": 180,
          "InteractionType": "CompleteQuest",
          "Fly": true
        }
      ]
    }
  ]
}