{
  "$schema": "https://git.carvel.li/liza/Questionable/raw/branch/master/QuestPaths/quest-v1.json",
  "Author": "liza",
  "Disabled": true,
  "QuestSequence": [
    {
      "Sequence": 0,
      "Steps": [
        {
          "DataId": 1005928,
          "Position": {
            "X": 7.095398,
            "Y": 16.167778,
            "Z": -188.67786
          },
          "TerritoryId": 180,
          "InteractionType": "AcceptQuest"
        }
      ]
    },
    {
      "Sequence": 255,
      "Steps": [
        {
          "DataId": 1005928,
          "Position": {
            "X": 7.095398,
            "Y": 16.167778,
            "Z": -188.67786
          },
          "TerritoryId": 180,
          "InteractionType": "CompleteQuest",
          "Fly": true
        }
      ]
    }
  ]
}
