{
  "$schema": "https://git.carvel.li/liza/Questionable/raw/branch/master/QuestPaths/quest-v1.json",
  "Author": "liza",
  "QuestSequence": [
    {
      "Sequence": 0,
      "Steps": [
        {
          "DataId": 1005929,
          "Position": {
            "X": 21.560913,
            "Y": 16.342407,
            "Z": -183.76447
          },
          "TerritoryId": 180,
          "InteractionType": "AcceptQuest",
          "AetheryteShortcut": "Outer La Noscea - Camp Overlook",
          "Fly": true,
          "SkipConditions": {
            "AetheryteShortcutIf": {
              "NearPosition": {
                "Position": {
                  "X": 21.560913,
                  "Y": 16.342407,
                  "Z": -183.76447
                },
                "TerritoryId": 180,
                "MaximumDistance": 50
              }
            }
          }
        }
      ]
    },
    {
      "Sequence": 1,
      "Steps": [
        {
          "DataId": 1005932,
          "Position": {
            "X": -1.236023,
            "Y": 33.38838,
            "Z": -244.19019
          },
          "TerritoryId": 180,
          "InteractionType": "Interact",
          "Fly": true
        }
      ]
    },
    {
      "Sequence": 2,
      "Steps": [
        {
          "DataId": 2003686,
          "Position": {
            "X": 57.602783,
            "Y": 48.111572,
            "Z": -388.29633
          },
          "TerritoryId": 180,
          "InteractionType": "Combat",
          "EnemySpawnType": "AfterItemUse",
          "KillEnemyDataIds": [
            2899,
            2900,
            2901
          ],
          "ItemId": 2001226,
          "Fly": true
        }
      ]
    },
    {
      "Sequence": 3,
      "Steps": [
        {
          "DataId": 1005932,
          "Position": {
            "X": -1.236023,
            "Y": 33.38838,
            "Z": -244.19019
          },
          "TerritoryId": 180,
          "InteractionType": "Interact",
          "Fly": true
        }
      ]
    },
    {
      "Sequence": 255,
      "Steps": [
        {
          "DataId": 1005929,
          "Position": {
            "X": 21.560913,
            "Y": 16.342407,
            "Z": -183.76447
          },
          "TerritoryId": 180,
          "InteractionType": "CompleteQuest",
          "Fly": true
        }
      ]
    }
  ]
}