{
  "$schema": "https://git.carvel.li/liza/Questionable/raw/branch/master/QuestPaths/quest-v1.json",
  "Author": "liza",
  "QuestSequence": [
    {
      "Sequence": 0,
      "Steps": [
        {
          "DataId": 1005929,
          "Position": {
            "X": 21.560913,
            "Y": 16.342407,
            "Z": -183.76447
          },
          "TerritoryId": 180,
          "InteractionType": "AcceptQuest"
        }
      ]
    },
    {
      "Sequence": 1,
      "Steps": [
        {
          "Position": {
            "X": 51.48164,
            "Y": 55.599014,
            "Z": -491.209
          },
          "TerritoryId": 180,
          "InteractionType": "Combat",
          "EnemySpawnType": "OverworldEnemies",
          "ComplexCombatData": [
            {
              "DataId": 2833,
              "MinimumKillCount": 2
            }
          ],
          "Fly": true
        }
      ]
    },
    {
      "Sequence": 255,
      "Steps": [
        {
          "DataId": 1005929,
          "Position": {
            "X": 21.560913,
            "Y": 16.342407,
            "Z": -183.76447
          },
          "TerritoryId": 180,
          "InteractionType": "CompleteQuest",
          "Fly": true
        }
      ]
    }
  ]
}
