{
  "$schema": "https://git.carvel.li/liza/Questionable/raw/branch/master/QuestPaths/quest-v1.json",
  "Author": "liza",
  "Disabled": true,
  "QuestSequence": [
    {
      "Sequence": 0,
      "Steps": [
        {
          "DataId": 1005929,
          "Position": {
            "X": 21.560913,
            "Y": 16.342407,
            "Z": -183.76447
          },
          "TerritoryId": 180,
          "InteractionType": "AcceptQuest"
        }
      ]
    },
    {
      "Sequence": 255,
      "Steps": [
        {
          "DataId": 1005929,
          "Position": {
            "X": 21.560913,
            "Y": 16.342407,
            "Z": -183.76447
          },
          "TerritoryId": 180,
          "InteractionType": "CompleteQuest",
          "Fly": true
        }
      ]
    }
  ]
}
