{
  "$schema": "https://git.carvel.li/liza/Questionable/raw/branch/master/QuestPaths/quest-v1.json",
  "Author": "liza",
  "QuestSequence": [
    {
      "Sequence": 0,
      "Steps": [
        {
          "DataId": 1005929,
          "Position": {
            "X": 21.560913,
            "Y": 16.342407,
            "Z": -183.76447
          },
          "TerritoryId": 180,
          "InteractionType": "AcceptQuest",
          "AetheryteShortcut": "Outer La Noscea - Camp Overlook",
          "Fly": true,
          "SkipConditions": {
            "AetheryteShortcutIf": {
              "NearPosition": {
                "Position": {
                  "X": 21.560913,
                  "Y": 16.342407,
                  "Z": -183.76447
                },
                "TerritoryId": 180,
                "MaximumDistance": 50
              }
            }
          }
        }
      ]
    },
    {
      "Sequence": 1,
      "Steps": [
        {
          "DataId": 1005932,
          "Position": {
            "X": -1.236023,
            "Y": 33.38838,
            "Z": -244.19019
          },
          "TerritoryId": 180,
          "InteractionType": "Interact",
          "Fly": true,
          "DialogueChoices": [
            {
              "Type": "List",
              "Prompt": "TEXT_BANKOB210_01344_Q1_000_000",
              "Answer": "TEXT_BANKOB210_01344_A1_000_001"
            }
          ]
        }
      ]
    },
    {
      "Sequence": 2,
      "Steps": [
        {
          "DataId": 2003963,
          "Position": {
            "X": 91.203125,
            "Y": 55.74109,
            "Z": -483.299
          },
          "TerritoryId": 180,
          "InteractionType": "Interact",
          "Comment": "Spawns enemy that we ignore"
        }
      ]
    },
    {
      "Sequence": 255,
      "Steps": [
        {
          "DataId": 1005929,
          "Position": {
            "X": 21.560913,
            "Y": 16.342407,
            "Z": -183.76447
          },
          "TerritoryId": 180,
          "InteractionType": "CompleteQuest",
          "Fly": true
        }
      ]
    }
  ]
}