{
    "$schema": "https://git.carvel.li/liza/Questionable/raw/branch/master/QuestPaths/quest-v1.json",
    "Author": "Censored",
    "Comment": "FATE",
    "QuestSequence": [
        {
            "Sequence": 0,
            "Steps": [
                {
                    "DataId": 1005930,
                    "Position": {
                        "X": 12.558105,
                        "Y": 16.159302,
                        "Z": -176.5622
                    },
                    "TerritoryId": 180,
                    "InteractionType": "AcceptQuest",
                    "AetheryteShortcut": "Outer La Noscea - Camp Overlook",
                    "Fly": true,
                    "SkipConditions": {
                        "AetheryteShortcutIf": {
                            "NearPosition": {
                                "Position": {
                                    "X": 12.558105,
                                    "Y": 16.159302,
                                    "Z": -176.5622
                                },
                                "TerritoryId": 180,
                                "MaximumDistance": 50
                            }
                        }
                    }
                }
            ]
        },
        {
            "Sequence": 255,
            "Steps": [
                {
                    "Position": {
                        "X": 147.42166,
                        "Y": 24.300901,
                        "Z": -751.06976
                    },
                    "TerritoryId": 180,
                    "InteractionType": "WaitForManualProgress",
                    "Fly": true,
                    "Comment": "Do the FATE"
                },
                {
                    "DataId": 1005930,
                    "Position": {
                        "X": 12.558105,
                        "Y": 16.159302,
                        "Z": -176.5622
                    },
                    "TerritoryId": 180,
                    "InteractionType": "CompleteQuest",
                    "AetheryteShortcut": "Outer La Noscea - Camp Overlook",
                    "Fly": true,
                    "SkipConditions": {
                        "AetheryteShortcutIf": {
                            "NearPosition": {
                                "Position": {
                                    "X": 12.558105,
                                    "Y": 16.159302,
                                    "Z": -176.5622
                                },
                                "TerritoryId": 180,
                                "MaximumDistance": 50
                            }
                        }
                    }
                }
            ]
        }
    ]
}