{
    "$schema": "https://git.carvel.li/liza/Questionable/raw/branch/master/QuestPaths/quest-v1.json",
    "Author": "Censored",
    "QuestSequence": [
        {
            "Sequence": 0,
            "Steps": [
                {
                    "DataId": 1005930,
                    "Position": {
                        "X": 12.558105,
                        "Y": 16.159302,
                        "Z": -176.5622
                    },
                    "TerritoryId": 180,
                    "InteractionType": "AcceptQuest",
                    "AetheryteShortcut": "Outer La Noscea - Camp Overlook",
                    "Fly": true,
                    "SkipConditions": {
                        "AetheryteShortcutIf": {
                            "NearPosition": {
                                "Position": {
                                    "X": 12.558105,
                                    "Y": 16.159302,
                                    "Z": -176.5622
                                },
                                "TerritoryId": 180,
                                "MaximumDistance": 50
                            }
                        }
                    }
                }
            ]
        },
        {
            "Sequence": 1,
            "Steps": [
                {
                    "Position": {
                        "X": 161.17926,
                        "Y": 21.418877,
                        "Z": -703.57477
                    },
                    "TerritoryId": 180,
                    "InteractionType": "Combat",
                    "EnemySpawnType": "OverworldEnemies",
                    "KillEnemyDataIds": [ 756, 757, 758 ],
                    "Fly": true
                }
            ]
        },
        {
            "Sequence": 255,
            "Steps": [
                {
                    "DataId": 1005930,
                    "Position": {
                        "X": 12.558105,
                        "Y": 16.159302,
                        "Z": -176.5622
                    },
                    "TerritoryId": 180,
                    "InteractionType": "CompleteQuest",
                    "AetheryteShortcut": "Outer La Noscea - Camp Overlook",
                    "Fly": true,
                    "SkipConditions": {
                        "AetheryteShortcutIf": {
                            "NearPosition": {
                                "Position": {
                                    "X": 12.558105,
                                    "Y": 16.159302,
                                    "Z": -176.5622
                                },
                                "TerritoryId": 180,
                                "MaximumDistance": 50
                            }
                        }
                    }
                }
            ]
        }
    ]
}