{
  "$schema": "https://git.carvel.li/liza/Questionable/raw/branch/master/QuestPaths/quest-v1.json",
  "Author": "liza",
  "QuestSequence": [
    {
      "Sequence": 0,
      "Steps": [
        {
          "DataId": 1005930,
          "Position": {
            "X": 12.558105,
            "Y": 16.159302,
            "Z": -176.5622
          },
          "TerritoryId": 180,
          "InteractionType": "AcceptQuest"
        }
      ]
    },
    {
      "Sequence": 1,
      "Steps": [
        {
          "Position": {
            "X": 112.19494,
            "Y": 23.602901,
            "Z": -611.7208
          },
          "TerritoryId": 180,
          "InteractionType": "WalkTo",
          "Fly": true
        },
        {
          "Position": {
            "X": 13.632976,
            "Y": 21.54334,
            "Z": -769.12134
          },
          "TerritoryId": 180,
          "InteractionType": "WalkTo",
          "Fly": true
        },
        {
          "DataId": 2003699,
          "Position": {
            "X": 7.94989,
            "Y": 21.713562,
            "Z": -769.06995
          },
          "TerritoryId": 180,
          "InteractionType": "Combat",
          "EnemySpawnType": "AfterItemUse",
          "KillEnemyDataIds": [
            2841
          ],
          "ItemId": 2001230,
          "CompletionQuestVariablesFlags": [
            null,
            null,
            null,
            null,
            null,
            32
          ]
        },
        {
          "DataId": 2003701,
          "Position": {
            "X": 5.142273,
            "Y": 23.75824,
            "Z": -803.9216
          },
          "TerritoryId": 180,
          "InteractionType": "Combat",
          "EnemySpawnType": "AfterItemUse",
          "KillEnemyDataIds": [
            2841
          ],
          "ItemId": 2001230,
          "CompletionQuestVariablesFlags": [
            null,
            null,
            null,
            null,
            null,
            8
          ]
        },
        {
          "DataId": 2003702,
          "Position": {
            "X": 0.47296143,
            "Y": 24.551636,
            "Z": -795.74274
          },
          "TerritoryId": 180,
          "InteractionType": "Combat",
          "EnemySpawnType": "AfterItemUse",
          "KillEnemyDataIds": [
            2841
          ],
          "ItemId": 2001230
        }
      ]
    },
    {
      "Sequence": 255,
      "Steps": [
        {
          "DataId": 1005930,
          "Position": {
            "X": 12.558105,
            "Y": 16.159302,
            "Z": -176.5622
          },
          "TerritoryId": 180,
          "InteractionType": "CompleteQuest",
          "AetheryteShortcut": "Outer La Noscea - Camp Overlook",
          "Fly": true
        }
      ]
    }
  ]
}
