{
  "$schema": "https://git.carvel.li/liza/Questionable/raw/branch/master/QuestPaths/quest-v1.json",
  "Author": "Cacahuetes",
  "QuestSequence": [
    {
      "Sequence": 0,
      "Steps": [
        {
          "DataId": 1009944,
          "Position": {
            "X": -152.66656,
            "Y": 2.8562405,
            "Z": 243.18298
          },
          "TerritoryId": 129,
          "InteractionType": "AcceptQuest",
          "AetheryteShortcut": "Limsa Lominsa",
          "AethernetShortcut": [
            "[Limsa Lominsa] Aetheryte Plaza",
            "[Limsa Lominsa] Fishermens' Guild"
          ],
          "SkipConditions": {
            "AetheryteShortcutIf": {
              "InSameTerritory": true
            }
          },
          "DialogueChoices": [
            {
              "Type": "YesNo",
              "Prompt": "TEXT_CLSROG001_00101_Q1_000_040",
              "Yes": true
            }
          ],
          "NextQuestId": 102
        }
      ]
    }
  ]
}
