﻿{
  "$schema": "https://git.carvel.li/liza/Questionable/raw/branch/master/QuestPaths/quest-v1.json",
  "Author": "liza",
  "QuestSequence": [
    {
      "Sequence": 0,
      "Steps": [
        {
          "TerritoryId": 129,
          "InteractionType": "EquipItem",
          "ItemId": 7952,
          "AetheryteShortcut": "Limsa Lominsa",
          "SkipConditions": {
            "AetheryteShortcutIf": {
              "InSameTerritory": true
            },
            "StepIf": {
              "Item": {
                "NotInInventory": true
              }
            }
          }
        },
        {
          "TerritoryId": 129,
          "InteractionType": "EquipRecommended"
        },
        {
          "DataId": 1009944,
          "Position": {
            "X": -152.66656,
            "Y": 2.8562405,
            "Z": 243.18298
          },
          "TerritoryId": 129,
          "InteractionType": "Interact",
          "TargetTerritoryId": 129,
          "AethernetShortcut": [
            "[Limsa Lominsa] Aetheryte Plaza",
            "[Limsa Lominsa] Fishermens' Guild"
          ],
          "SkipConditions": {
            "StepIf": {
              "ExtraCondition": "RoguesGuild"
            }
          }
        },
        {
          "DataId": 1009943,
          "Position": {
            "X": -153.36847,
            "Y": -129.4397,
            "Z": 265.88843
          },
          "StopDistance": 7,
          "TerritoryId": 129,
          "InteractionType": "AcceptQuest"
        }
      ]
    },
    {
      "Sequence": 1,
      "Steps": [
        {
          "DataId": 2004936,
          "Position": {
            "X": -151.90363,
            "Y": -128.16058,
            "Z": 256.8551
          },
          "TerritoryId": 129,
          "InteractionType": "Interact",
          "TargetTerritoryId": 129,
          "SkipConditions": {
            "StepIf": {
              "InTerritory": [
                134
              ],
              "ExtraCondition": "NotRoguesGuild"
            }
          }
        },
        {
          "Position": {
            "X": 31.662792,
            "Y": 44.020653,
            "Z": 146.94322
          },
          "TerritoryId": 134,
          "InteractionType": "Combat",
          "EnemySpawnType": "OverworldEnemies",
          "ComplexCombatData": [
            {
              "DataId": 347,
              "MinimumKillCount": 3,
              "CompletionQuestVariablesFlags": [
                {
                  "Low": 3
                },
                null,
                null,
                null,
                null,
                null
              ]
            }
          ],
          "AethernetShortcut": [
            "[Limsa Lominsa] Fishermens' Guild",
            "[Limsa Lominsa] Zephyr Gate (Middle La Noscea)"
          ],
          "CompletionQuestVariablesFlags": [
            {
              "Low": 3
            },
            null,
            null,
            null,
            null,
            null
          ]
        },
        {
          "Position": {
            "X": 74.15681,
            "Y": 45.953808,
            "Z": 169.73499
          },
          "TerritoryId": 134,
          "InteractionType": "Combat",
          "EnemySpawnType": "OverworldEnemies",
          "ComplexCombatData": [
            {
              "DataId": 338,
              "MinimumKillCount": 3,
              "CompletionQuestVariablesFlags": [
                null,
                {
                  "Low": 3
                },
                null,
                null,
                null,
                null
              ]
            }
          ],
          "CompletionQuestVariablesFlags": [
            null,
            {
              "Low": 3
            },
            null,
            null,
            null,
            null
          ]
        },
        {
          "Position": {
            "X": 5.6626997,
            "Y": 42.625427,
            "Z": 55.983746
          },
          "TerritoryId": 134,
          "InteractionType": "Combat",
          "EnemySpawnType": "OverworldEnemies",
          "ComplexCombatData": [
            {
              "DataId": 383,
              "MinimumKillCount": 3,
              "CompletionQuestVariablesFlags": [
                null,
                {
                  "High": 3
                },
                null,
                null,
                null,
                null
              ]
            }
          ],
          "CompletionQuestVariablesFlags": [
            null,
            {
              "High": 3
            },
            null,
            null,
            null,
            null
          ]
        }
      ]
    },
    {
      "Sequence": 255,
      "Steps": [
        {
          "DataId": 1009944,
          "Position": {
            "X": -152.66656,
            "Y": 2.8562405,
            "Z": 243.18298
          },
          "TerritoryId": 129,
          "InteractionType": "Interact",
          "TargetTerritoryId": 129,
          "AetheryteShortcut": "Limsa Lominsa",
          "AethernetShortcut": [
            "[Limsa Lominsa] Aetheryte Plaza",
            "[Limsa Lominsa] Fishermens' Guild"
          ]
        },
        {
          "DataId": 1009943,
          "Position": {
            "X": -153.36847,
            "Y": -129.4397,
            "Z": 265.88843
          },
          "StopDistance": 7,
          "TerritoryId": 129,
          "InteractionType": "CompleteQuest",
          "NextQuestId": 110
        }
      ]
    }
  ]
}
