﻿{
  "$schema": "https://git.carvel.li/liza/Questionable/raw/branch/master/QuestPaths/quest-v1.json",
  "Author": "liza",
  "QuestSequence": [
    {
      "Sequence": 0,
      "Steps": [
        {
          "DataId": 1009944,
          "Position": {
            "X": -152.66656,
            "Y": 2.8562405,
            "Z": 243.18298
          },
          "TerritoryId": 129,
          "InteractionType": "Interact",
          "AetheryteShortcut": "Limsa Lominsa",
          "TargetTerritoryId": 129,
          "AethernetShortcut": [
            "[Limsa Lominsa] Aetheryte Plaza",
            "[Limsa Lominsa] Fishermens' Guild"
          ],
          "SkipConditions": {
            "AetheryteShortcutIf": {
              "InSameTerritory": true
            },
            "StepIf": {
              "ExtraCondition": "RoguesGuild"
            }
          }
        },
        {
          "DataId": 1009943,
          "Position": {
            "X": -153.36847,
            "Y": -129.4397,
            "Z": 265.88843
          },
          "StopDistance": 7,
          "TerritoryId": 129,
          "InteractionType": "AcceptQuest"
        }
      ]
    },
    {
      "Sequence": 1,
      "Steps": [
        {
          "DataId": 1009943,
          "Position": {
            "X": -153.36847,
            "Y": -129.4397,
            "Z": 265.88843
          },
          "StopDistance": 7,
          "TerritoryId": 129,
          "InteractionType": "Interact"
        }
      ]
    },
    {
      "Sequence": 2,
      "Steps": [
        {
          "DataId": 1010199,
          "Position": {
            "X": 256.12268,
            "Y": 21.097961,
            "Z": 581.3839
          },
          "TerritoryId": 135,
          "InteractionType": "Interact",
          "AetheryteShortcut": "Lower La Noscea - Moraby Drydocks",
          "Fly": true
        }
      ]
    },
    {
      "Sequence": 3,
      "Steps": [
        {
          "DataId": 2004861,
          "Position": {
            "X": -131.63965,
            "Y": 0.503479,
            "Z": 729.9762
          },
          "TerritoryId": 135,
          "InteractionType": "Interact",
          "Fly": true
        }
      ]
    },
    {
      "Sequence": 4,
      "Steps": [
        {
          "DataId": 1010218,
          "Position": {
            "X": 319.44763,
            "Y": -36.353825,
            "Z": 346.76123
          },
          "TerritoryId": 138,
          "InteractionType": "Interact",
          "Fly": true,
          "AetheryteShortcut": "Western La Noscea - Aleport"
        }
      ]
    },
    {
      "Sequence": 5,
      "Steps": [
        {
          "DataId": 1010218,
          "Position": {
            "X": 319.44763,
            "Y": -36.353825,
            "Z": 346.76123
          },
          "TerritoryId": 138,
          "InteractionType": "SinglePlayerDuty"
        }
      ]
    },
    {
      "Sequence": 255,
      "Steps": [
        {
          "DataId": 1010218,
          "Position": {
            "X": 319.44763,
            "Y": -36.353825,
            "Z": 346.76123
          },
          "StopDistance": 5,
          "TerritoryId": 138,
          "InteractionType": "CompleteQuest",
          "NextQuestId": 145
        }
      ]
    }
  ]
}
