﻿{
  "$schema": "https://git.carvel.li/liza/Questionable/raw/branch/master/QuestPaths/quest-v1.json",
  "Author": "liza",
  "QuestSequence": [
    {
      "Sequence": 0,
      "Steps": [
        {
          "DataId": 1010218,
          "Position": {
            "X": 319.44763,
            "Y": -36.353825,
            "Z": 346.76123
          },
          "StopDistance": 5,
          "TerritoryId": 138,
          "InteractionType": "AcceptQuest",
          "AetheryteShortcut": "Western La Noscea - Aleport",
          "SkipConditions": {
            "AetheryteShortcutIf": {
              "InSameTerritory": true
            }
          }
        }
      ]
    },
    {
      "Sequence": 1,
      "Steps": [
        {
          "Position": {
            "X": 593.2056,
            "Y": 43.88314,
            "Z": 304.65137
          },
          "TerritoryId": 138,
          "InteractionType": "WalkTo",
          "Fly": true
        },
        {
          "DataId": 1010228,
          "Position": {
            "X": 594.1709,
            "Y": 43.893982,
            "Z": 303.76135
          },
          "TerritoryId": 138,
          "InteractionType": "SinglePlayerDuty",
          "SinglePlayerDutyOptions": {
            "Enabled": false
          }
        }
      ]
    },
    {
      "Sequence": 255,
      "Steps": [
        {
          "DataId": 1009944,
          "Position": {
            "X": -152.66656,
            "Y": 2.8562405,
            "Z": 243.18298
          },
          "TerritoryId": 129,
          "InteractionType": "Interact",
          "TargetTerritoryId": 129,
          "AetheryteShortcut": "Limsa Lominsa",
          "AethernetShortcut": [
            "[Limsa Lominsa] Aetheryte Plaza",
            "[Limsa Lominsa] Fishermens' Guild"
          ]
        },
        {
          "DataId": 1009943,
          "Position": {
            "X": -153.36847,
            "Y": -129.4397,
            "Z": 265.88843
          },
          "StopDistance": 7,
          "TerritoryId": 129,
          "InteractionType": "CompleteQuest",
          "NextQuestId": 146
        }
      ]
    }
  ]
}
