﻿{
  "$schema": "https://git.carvel.li/liza/Questionable/raw/branch/master/QuestPaths/quest-v1.json",
  "Author": "liza",
  "QuestSequence": [
    {
      "Sequence": 0,
      "Steps": [
        {
          "DataId": 1009944,
          "Position": {
            "X": -152.66656,
            "Y": 2.8562405,
            "Z": 243.18298
          },
          "TerritoryId": 129,
          "InteractionType": "Interact",
          "AetheryteShortcut": "Limsa Lominsa",
          "TargetTerritoryId": 129,
          "AethernetShortcut": [
            "[Limsa Lominsa] Aetheryte Plaza",
            "[Limsa Lominsa] Fishermens' Guild"
          ],
          "SkipConditions": {
            "AetheryteShortcutIf": {
              "InSameTerritory": true
            },
            "StepIf": {
              "ExtraCondition": "RoguesGuild"
            }
          }
        },
        {
          "DataId": 1009943,
          "Position": {
            "X": -153.36847,
            "Y": -129.4397,
            "Z": 265.88843
          },
          "StopDistance": 7,
          "TerritoryId": 129,
          "InteractionType": "AcceptQuest"
        }
      ]
    },
    {
      "Sequence": 1,
      "Steps": [
        {
          "DataId": 2004936,
          "Position": {
            "X": -151.90363,
            "Y": -128.16058,
            "Z": 256.8551
          },
          "TerritoryId": 129,
          "InteractionType": "Interact",
          "TargetTerritoryId": 129,
          "SkipConditions": {
            "StepIf": {
              "InTerritory": [
                134,
                135
              ]
            }
          }
        },
        {
          "Position": {
            "X": 212.54845,
            "Y": 65.80573,
            "Z": 285.71436
          },
          "TerritoryId": 134,
          "InteractionType": "WalkTo",
          "AethernetShortcut": [
            "[Limsa Lominsa] Fishermens' Guild",
            "[Limsa Lominsa] Zephyr Gate (Middle La Noscea)"
          ],
          "Fly": true,
          "SkipConditions": {
            "StepIf": {
              "InTerritory": [
                135
              ]
            }
          }
        },
        {
          "Position": {
            "X": 509.26575,
            "Y": 95.90476,
            "Z": -446.11078
          },
          "StopDistance": 0.5,
          "TerritoryId": 135,
          "InteractionType": "Combat",
          "EnemySpawnType": "AutoOnEnterArea",
          "KillEnemyDataIds": [
            2864,
            2865,
            2866
          ],
          "Fly": true
        }
      ]
    },
    {
      "Sequence": 2,
      "Steps": [
        {
          "DataId": 1010252,
          "Position": {
            "X": 508.23218,
            "Y": 95.95811,
            "Z": -449.82074
          },
          "TerritoryId": 135,
          "InteractionType": "Interact"
        }
      ]
    },
    {
      "Sequence": 3,
      "Steps": [
        {
          "DataId": 1009944,
          "Position": {
            "X": -152.66656,
            "Y": 2.8562405,
            "Z": 243.18298
          },
          "TerritoryId": 129,
          "InteractionType": "Interact",
          "TargetTerritoryId": 129,
          "AetheryteShortcut": "Limsa Lominsa",
          "AethernetShortcut": [
            "[Limsa Lominsa] Aetheryte Plaza",
            "[Limsa Lominsa] Fishermens' Guild"
          ]
        },
        {
          "DataId": 1009943,
          "Position": {
            "X": -153.36847,
            "Y": -129.4397,
            "Z": 265.88843
          },
          "StopDistance": 7,
          "TerritoryId": 129,
          "InteractionType": "Interact"
        }
      ]
    },
    {
      "Sequence": 4,
      "Steps": [
        {
          "DataId": 2004936,
          "Position": {
            "X": -151.90363,
            "Y": -128.16058,
            "Z": 256.8551
          },
          "TerritoryId": 129,
          "InteractionType": "Interact",
          "TargetTerritoryId": 129,
          "SkipConditions": {
            "StepIf": {
              "AetheryteUnlocked": "Eastern La Noscea - Costa Del Sol"
            }
          },
          "$": "Pathfinder ref"
        },
        {
          "DataId": 1000868,
          "Position": {
            "X": -192.00433,
            "Y": 0.9999907,
            "Z": 211.68835
          },
          "TerritoryId": 129,
          "InteractionType": "Interact",
          "TargetTerritoryId": 137,
          "SkipConditions": {
            "StepIf": {
              "AetheryteUnlocked": "Eastern La Noscea - Costa Del Sol"
            }
          }
        },
        {
          "TerritoryId": 137,
          "InteractionType": "AttuneAetheryte",
          "Aetheryte": "Eastern La Noscea - Costa Del Sol",
          "SkipConditions": {
            "StepIf": {
              "AetheryteUnlocked": "Eastern La Noscea - Costa Del Sol"
            }
          }
        },
        {
          "Position": {
            "X": 449.17413,
            "Y": 16.072088,
            "Z": 406.06335
          },
          "TerritoryId": 137,
          "InteractionType": "WalkTo",
          "Fly": true,
          "AetheryteShortcut": "Eastern La Noscea - Costa Del Sol",
          "SkipConditions": {
            "AetheryteShortcutIf": {
              "InSameTerritory": true
            }
          }
        },
        {
          "DataId": 1010251,
          "Position": {
            "X": 450.82776,
            "Y": 16.18121,
            "Z": 406.69873
          },
          "TerritoryId": 137,
          "InteractionType": "Interact"
        }
      ]
    },
    {
      "Sequence": 5,
      "Steps": [
        {
          "DataId": 1010251,
          "Position": {
            "X": 450.82776,
            "Y": 16.18121,
            "Z": 406.69873
          },
          "TerritoryId": 137,
          "InteractionType": "SinglePlayerDuty"
        }
      ]
    },
    {
      "Sequence": 6,
      "Steps": [
        {
          "DataId": 1010250,
          "Position": {
            "X": 448.47778,
            "Y": 16.154829,
            "Z": 408.77393
          },
          "TerritoryId": 137,
          "InteractionType": "Interact"
        }
      ]
    },
    {
      "Sequence": 255,
      "Steps": [
        {
          "DataId": 1009944,
          "Position": {
            "X": -152.66656,
            "Y": 2.8562405,
            "Z": 243.18298
          },
          "TerritoryId": 129,
          "InteractionType": "Interact",
          "TargetTerritoryId": 129,
          "AetheryteShortcut": "Limsa Lominsa",
          "AethernetShortcut": [
            "[Limsa Lominsa] Aetheryte Plaza",
            "[Limsa Lominsa] Fishermens' Guild"
          ]
        },
        {
          "DataId": 1009943,
          "Position": {
            "X": -153.36847,
            "Y": -129.4397,
            "Z": 265.88843
          },
          "StopDistance": 7,
          "TerritoryId": 129,
          "InteractionType": "CompleteQuest",
          "NextQuestId": 154
        }
      ]
    }
  ]
}
