﻿{
  "$schema": "https://git.carvel.li/liza/Questionable/raw/branch/master/QuestPaths/quest-v1.json",
  "Author": "liza",
  "QuestSequence": [
    {
      "Sequence": 0,
      "Steps": [
        {
          "DataId": 1009944,
          "Position": {
            "X": -152.66656,
            "Y": 2.8562405,
            "Z": 243.18298
          },
          "TerritoryId": 129,
          "InteractionType": "Interact",
          "AetheryteShortcut": "Limsa Lominsa",
          "TargetTerritoryId": 129,
          "AethernetShortcut": [
            "[Limsa Lominsa] Aetheryte Plaza",
            "[Limsa Lominsa] Fishermens' Guild"
          ],
          "SkipConditions": {
            "AetheryteShortcutIf": {
              "InSameTerritory": true
            },
            "StepIf": {
              "ExtraCondition": "RoguesGuild"
            }
          }
        },
        {
          "DataId": 1009943,
          "Position": {
            "X": -153.36847,
            "Y": -129.4397,
            "Z": 265.88843
          },
          "StopDistance": 7,
          "TerritoryId": 129,
          "InteractionType": "AcceptQuest"
        }
      ]
    },
    {
      "Sequence": 1,
      "Steps": [
        {
          "DataId": 2004936,
          "Position": {
            "X": -151.90363,
            "Y": -128.16058,
            "Z": 256.8551
          },
          "TerritoryId": 129,
          "InteractionType": "Interact",
          "TargetTerritoryId": 129
        },
        {
          "DataId": 2004863,
          "Position": {
            "X": 4.4403076,
            "Y": 44.47998,
            "Z": 121.29382
          },
          "TerritoryId": 128,
          "InteractionType": "SinglePlayerDuty",
          "AethernetShortcut": [
            "[Limsa Lominsa] Fishermens' Guild",
            "[Limsa Lominsa] The Aftcastle"
          ]
        }
      ]
    },
    {
      "Sequence": 255,
      "Steps": [
        {
          "DataId": 1009944,
          "Position": {
            "X": -152.66656,
            "Y": 2.8562405,
            "Z": 243.18298
          },
          "TerritoryId": 129,
          "InteractionType": "Interact",
          "TargetTerritoryId": 129,
          "AethernetShortcut": [
            "[Limsa Lominsa] The Aftcastle",
            "[Limsa Lominsa] Fishermens' Guild"
          ]
        },
        {
          "DataId": 1009943,
          "Position": {
            "X": -153.36847,
            "Y": -129.4397,
            "Z": 265.88843
          },
          "StopDistance": 7,
          "TerritoryId": 129,
          "InteractionType": "CompleteQuest",
          "NextQuestId": 212
        }
      ]
    }
  ]
}
