{
  "$schema": "https://git.carvel.li/liza/Questionable/raw/branch/master/QuestPaths/quest-v1.json",
  "Author": "xan",
  "QuestSequence": [
    {
      "Sequence": 0,
      "Steps": [
        {
          "DataId": 1009944,
          "Position": {
            "X": -152.66656,
            "Y": 2.8562405,
            "Z": 243.18298
          },
          "TerritoryId": 129,
          "InteractionType": "Interact",
          "AetheryteShortcut": "Limsa Lominsa",
          "TargetTerritoryId": 129,
          "AethernetShortcut": [
            "[Limsa Lominsa] Aetheryte Plaza",
            "[Limsa Lominsa] Fishermens' Guild"
          ],
          "SkipConditions": {
            "AetheryteShortcutIf": {
              "InSameTerritory": true
            },
            "StepIf": {
              "ExtraCondition": "RoguesGuild"
            }
          }
        },
        {
          "DataId": 1009943,
          "Position": {
            "X": -153.36847,
            "Y": -129.4397,
            "Z": 265.88843
          },
          "StopDistance": 7,
          "TerritoryId": 129,
          "InteractionType": "AcceptQuest"
        }
      ]
    },
    {
      "Sequence": 1,
      "Steps": [
        {
          "DataId": 1010602,
          "Position": {
            "X": -1.449646,
            "Y": 66.48521,
            "Z": 46.28064
          },
          "TerritoryId": 137,
          "InteractionType": "Interact",
          "AetheryteShortcut": "Eastern La Noscea - Wineport",
          "SkipConditions": {
            "AetheryteShortcutIf": { "InSameTerritory": true }
          }
        }
      ]
    },
    {
      "Sequence": 2,
      "Steps": [
        {
          "DataId": 1010603,
          "Position": {
            "X": -67.36859,
            "Y": 70.39888,
            "Z": 11.032227
          },
          "TerritoryId": 137,
          "InteractionType": "Interact",
          "DialogueChoices": [
            {
              "Type": "List",
              "Prompt": "TEXT_JOBNIN300_00212_Q1_000_000",
              "Answer": "TEXT_JOBNIN300_00212_A1_000_001"
            }
          ]
        }
      ]
    },
    {
      "Sequence": 3,
      "Steps": [
        {
          "DataId": 1010607,
          "Position": {
            "X": 97.42883,
            "Y": 68.34448,
            "Z": -2.3651733
          },
          "TerritoryId": 137,
          "InteractionType": "Interact",
          "Fly": true
        }
      ]
    },
    {
      "Sequence": 4,
      "Steps": [
        {
          "DataId": 1010611,
          "Position": {
            "X": 585.1987,
            "Y": -2.4988298,
            "Z": 221.85083
          },
          "Fly": true,
          "TerritoryId": 139,
          "InteractionType": "Interact",
          "AetheryteShortcut": "Upper La Noscea - Camp Bronze Lake",
          "SkipConditions": {
            "AetheryteShortcutIf": { "InSameTerritory": true }
          }
        }
      ]
    },
    {
      "Sequence": 5,
      "Steps": [
        {
          "DataId": 1010615,
          "Position": {
            "X": -8.529846,
            "Y": 39.569904,
            "Z": 260.8529
          },
          "TerritoryId": 137,
          "InteractionType": "Interact",
          "AetheryteShortcut": "Eastern La Noscea - Wineport",
          "Fly": true,
          "SkipConditions": {
            "AetheryteShortcutIf": { "InSameTerritory": true }
          },
          "DialogueChoices": [
            {
              "Type": "YesNo",
              "Prompt": "TEXT_JOBNIN300_00212_Q2_000_000",
              "Yes": true
            }
          ]
        }
      ]
    },
    {
      "Sequence": 6,
      "Steps": [
        {
          "DataId": 1010601,
          "Position": {
            "X": -14.755493,
            "Y": 41.39178,
            "Z": 258.13684
          },
          "TerritoryId": 137,
          "TargetTerritoryId": 137,
          "InteractionType": "Interact",
          "DialogueChoices": [
            {
              "Type": "List",
              "Prompt": "TEXT_JOBNIN300_00212_Q3_000_000",
              "Answer": "TEXT_JOBNIN300_00212_A3_000_001"
            }
          ]
        }
      ]
    },
    {
      "Sequence": 255,
      "Steps": [
        {
          "DataId": 1010139,
          "Position": {
            "X": -33.218933,
            "Y": -24.674446,
            "Z": 257.98413
          },
          "TerritoryId": 137,
          "InteractionType": "CompleteQuest",
          "NextQuestId": 213
        }
      ]
    }
  ]
}
