{
  "$schema": "https://git.carvel.li/liza/Questionable/raw/branch/master/QuestPaths/quest-v1.json",
  "Author": "xan",
  "QuestSequence": [
    {
      "Sequence": 0,
      "Steps": [
        {
          "DataId": 1010601,
          "Position": {
            "X": -14.755493,
            "Y": 41.39178,
            "Z": 258.13684
          },
          "TerritoryId": 137,
          "InteractionType": "Interact",
          "AetheryteShortcut": "Eastern La Noscea - Wineport",
          "SkipConditions": {
            "AetheryteShortcutIf": { "InSameTerritory": true },
            "StepIf": {
              "ExtraCondition": "DockStorehouse"
            }
          },
          "TargetTerritoryId": 137
        },
        {
          "DataId": 1010139,
          "Position": {
            "X": -33.218933,
            "Y": -24.674446,
            "Z": 257.98413
          },
          "TerritoryId": 137,
          "InteractionType": "AcceptQuest"
        }
      ]
    },
    {
      "Sequence": 1,
      "Steps": [
        {
          "DataId": 2004966,
          "Position": {
            "X": -16.128845,
            "Y": -23.300598,
            "Z": 258.13684
          },
          "TerritoryId": 137,
          "TargetTerritoryId": 137,
          "InteractionType": "Interact",
          "SkipConditions": {
            "StepIf": {
              "NearPosition": {
                "Position": {
                  "X": -6.8438888,
                  "Y": 39.451496,
                  "Z": 259.44324
                },
                "TerritoryId": 137,
                "MaximumDistance": 20
              }
            }
          }
        },
        {
          "DataId": 2004928,
          "Position": {
            "X": -10.605103,
            "Y": 41.397705,
            "Z": 267.87207
          },
          "TerritoryId": 137,
          "InteractionType": "Action",
          "Action": "Raiton"
        }
      ]
    },
    {
      "Sequence": 2,
      "Steps": [
        {
          "DataId": 1010615,
          "Position": {
            "X": -8.529846,
            "Y": 39.569904,
            "Z": 260.8529
          },
          "TerritoryId": 137,
          "InteractionType": "Interact"
        }
      ]
    },
    {
      "Sequence": 3,
      "Steps": [
        {
          "DataId": 2004929,
          "Position": {
            "X": -10.605103,
            "Y": 41.397705,
            "Z": 267.87207
          },
          "StopDistance": 7,
          "TerritoryId": 137,
          "InteractionType": "Action",
          "Action": "Katon"
        }
      ]
    },
    {
      "Sequence": 4,
      "Steps": [
        {
          "DataId": 1010615,
          "Position": {
            "X": -8.529846,
            "Y": 39.569904,
            "Z": 260.8529
          },
          "TerritoryId": 137,
          "InteractionType": "Interact"
        }
      ]
    },
    {
      "Sequence": 5,
      "Steps": [
        {
          "Position": {
            "X": 407.71924,
            "Y": 32.11566,
            "Z": -14.989758
          },
          "TerritoryId": 138,
          "TargetTerritoryId": 139,
          "Fly": true,
          "InteractionType": "WalkTo",
          "AetheryteShortcut": "Western La Noscea - Aleport",
          "SkipConditions": {
            "AetheryteShortcutIf": { "InTerritory": [139] },
            "StepIf": { "InTerritory": [139] }
          }
        },
        {
          "DataId": 1010618,
          "Position": {
            "X": -570.82477,
            "Y": -1.4935175,
            "Z": -12.619263
          },
          "TerritoryId": 139,
          "InteractionType": "SinglePlayerDuty",
          "Fly": true
        }
      ]
    },
    {
      "Sequence": 6,
      "Steps": [
        {
          "DataId": 1010618,
          "Position": {
            "X": -570.82477,
            "Y": -1.4935175,
            "Z": -12.619263
          },
          "TerritoryId": 139,
          "InteractionType": "Interact"
        }
      ]
    },
    {
      "Sequence": 255,
      "Steps": [
        {
          "DataId": 1010601,
          "Position": {
            "X": -14.755493,
            "Y": 41.39178,
            "Z": 258.13684
          },
          "TerritoryId": 137,
          "InteractionType": "Interact",
          "AetheryteShortcut": "Eastern La Noscea - Wineport",
          "SkipConditions": {
            "AetheryteShortcutIf": { "InSameTerritory": true },
            "StepIf": {
              "ExtraCondition": "DockStorehouse"
            }
          },
          "TargetTerritoryId": 137
        },
        {
          "DataId": 1010139,
          "Position": {
            "X": -33.218933,
            "Y": -24.674446,
            "Z": 257.98413
          },
          "TerritoryId": 137,
          "InteractionType": "CompleteQuest",
          "NextQuestId": 216
        }
      ]
    }
  ]
}
