{
  "$schema": "https://git.carvel.li/liza/Questionable/raw/branch/master/QuestPaths/quest-v1.json",
  "Author": "xan",
  "QuestSequence": [
    {
      "Sequence": 0,
      "Steps": [
        {
          "DataId": 1010619,
          "Position": {
            "X": 473.13635,
            "Y": 16.492989,
            "Z": 67.33801
          },
          "TerritoryId": 139,
          "AetheryteShortcut": "Upper La Noscea - Camp Bronze Lake",
          "SkipConditions": {
            "AetheryteShortcutIf": { "InSameTerritory": true }
          },
          "InteractionType": "AcceptQuest"
        }
      ]
    },
    {
      "Sequence": 1,
      "Steps": [
        {
          "Position": {
            "X": 472.00787,
            "Y": 16.493,
            "Z": 62.747707
          },
          "TerritoryId": 139,
          "Mount": false,
          "InteractionType": "WalkTo"
        },
        {
          "InteractionType": "Jump",
          "Position": {
            "X": 472.10626,
            "Y": 16.493,
            "Z": 62.870472
          },
          "JumpDestination": {
            "Position": {
              "X": 463.8162,
              "Y": 12.86743,
              "Z": 59.443794
            }
          },
          "TerritoryId": 139
        },
        {
          "Position": {
            "X": 462.61212,
            "Y": 12.600694,
            "Z": 60.520195
          },
          "JumpDestination": {
            "Position": {
              "X": 456.10245,
              "Y": 12.277541,
              "Z": 65.88876
            }
          },
          "TerritoryId": 139,
          "InteractionType": "Jump"
        },
        {
          "DataId": 2004930,
          "Position": {
            "X": 439.78027,
            "Y": 12.161377,
            "Z": 70.54236
          },
          "TerritoryId": 139,
          "InteractionType": "Interact"
        }
      ]
    },
    {
      "Sequence": 2,
      "Steps": [
        {
          "Position": {
            "X": 441.9759,
            "Y": 4.122239,
            "Z": 81.76867
          },
          "TerritoryId": 139,
          "InteractionType": "WalkTo",
          "DisableNavmesh": true
        },
        {
          "DataId": 1010622,
          "Position": {
            "X": 488.365,
            "Y": 16.907331,
            "Z": 86.71704
          },
          "TerritoryId": 139,
          "InteractionType": "Interact"
        }
      ]
    },
    {
      "Sequence": 3,
      "Steps": [
        {
          "DataId": 1010623,
          "Position": {
            "X": 413.47375,
            "Y": 3.6090105,
            "Z": 76.21875
          },
          "TerritoryId": 139,
          "InteractionType": "Interact"
        }
      ]
    },
    {
      "Sequence": 4,
      "Steps": [
        {
          "Position": {
            "X": 472.00787,
            "Y": 16.493,
            "Z": 62.747707
          },
          "TerritoryId": 139,
          "Mount": false,
          "InteractionType": "WalkTo"
        },
        {
          "InteractionType": "Jump",
          "Position": {
            "X": 472.10626,
            "Y": 16.493,
            "Z": 62.870472
          },
          "JumpDestination": {
            "Position": {
              "X": 463.8162,
              "Y": 12.86743,
              "Z": 59.443794
            }
          },
          "TerritoryId": 139
        },
        {
          "Position": {
            "X": 462.61212,
            "Y": 12.600694,
            "Z": 60.520195
          },
          "JumpDestination": {
            "Position": {
              "X": 456.10245,
              "Y": 12.277541,
              "Z": 65.88876
            }
          },
          "TerritoryId": 139,
          "InteractionType": "Jump"
        },
        {
          "DataId": 1010621,
          "Position": {
            "X": 441.94702,
            "Y": 15.396649,
            "Z": 65.659546
          },
          "TerritoryId": 139,
          "InteractionType": "Interact"
        }
      ]
    },
    {
      "Sequence": 5,
      "Steps": [
        {
          "AetheryteShortcut": "Western La Noscea - Aleport",
          "DataId": 2004931,
          "Position": {
            "X": 305.5924,
            "Y": -25.0401,
            "Z": 229.63293
          },
          "TerritoryId": 138,
          "InteractionType": "SinglePlayerDuty",
          "SkipConditions": {
            "AetheryteShortcutIf": { "InSameTerritory": true }
          }
        }
      ]
    },
    {
      "Sequence": 255,
      "Steps": [
        {
          "DataId": 1010601,
          "Position": {
            "X": -14.755493,
            "Y": 41.39178,
            "Z": 258.13684
          },
          "TerritoryId": 137,
          "InteractionType": "Interact",
          "AetheryteShortcut": "Eastern La Noscea - Wineport",
          "SkipConditions": {
            "AetheryteShortcutIf": { "InSameTerritory": true },
            "StepIf": {
              "ExtraCondition": "DockStorehouse"
            }
          },
          "TargetTerritoryId": 137
        },
        {
          "DataId": 1010139,
          "Position": {
            "X": -33.218933,
            "Y": -24.674446,
            "Z": 257.98413
          },
          "TerritoryId": 137,
          "InteractionType": "CompleteQuest",
          "NextQuestId": 232
        }
      ]
    }
  ]
}
