{
  "$schema": "https://git.carvel.li/liza/Questionable/raw/branch/master/QuestPaths/quest-v1.json",
  "Author": "xan",
  "QuestSequence": [
    {
      "Sequence": 0,
      "Steps": [
        {
          "DataId": 1010601,
          "Position": {
            "X": -14.755493,
            "Y": 41.39178,
            "Z": 258.13684
          },
          "TerritoryId": 137,
          "InteractionType": "Interact",
          "AetheryteShortcut": "Eastern La Noscea - Wineport",
          "SkipConditions": {
            "AetheryteShortcutIf": { "InSameTerritory": true },
            "StepIf": {
              "ExtraCondition": "DockStorehouse"
            }
          },
          "TargetTerritoryId": 137
        },
        {
          "DataId": 1010139,
          "Position": {
            "X": -33.218933,
            "Y": -24.674446,
            "Z": 257.98413
          },
          "TerritoryId": 137,
          "InteractionType": "AcceptQuest"
        }
      ]
    },
    {
      "Sequence": 1,
      "Steps": [
        {
          "DataId": 1010632,
          "Position": {
            "X": -33.76825,
            "Y": -24.674442,
            "Z": 250.32422
          },
          "TerritoryId": 137,
          "InteractionType": "Interact",
          "DialogueChoices": [
            {
              "Type": "List",
              "Prompt": "TEXT_JOBNIN500_00234_Q1_000_000",
              "Answer": "TEXT_JOBNIN500_00234_A1_000_002"
            }
          ]
        }
      ]
    },
    {
      "Sequence": 2,
      "Steps": [
        {
          "Position": {
            "X": 407.71924,
            "Y": 32.11566,
            "Z": -14.989758
          },
          "TerritoryId": 138,
          "TargetTerritoryId": 139,
          "Fly": true,
          "InteractionType": "WalkTo",
          "AetheryteShortcut": "Western La Noscea - Aleport",
          "SkipConditions": {
            "AetheryteShortcutIf": { "InTerritory": [139] },
            "StepIf": { "InTerritory": [139] }
          }
        },
        {
          "DataId": 1010633,
          "Position": {
            "X": -570.82477,
            "Y": -1.4935175,
            "Z": -12.619263
          },
          "TerritoryId": 139,
          "InteractionType": "Interact",
          "Fly": true,
          "DialogueChoices": [
            {
              "Type": "List",
              "Prompt": "TEXT_JOBNIN500_00234_Q2_000_000",
              "Answer": "TEXT_JOBNIN500_00234_A2_000_001"
            }
          ]
        }
      ]
    },
    {
      "Sequence": 3,
      "Steps": [
        {
          "DataId": 1010634,
          "Position": {
            "X": -560.0519,
            "Y": -1.7964863,
            "Z": -14.572449
          },
          "TerritoryId": 139,
          "InteractionType": "Interact"
        }
      ]
    },
    {
      "Sequence": 4,
      "Steps": [
        {
          "DataId": 1002515,
          "Position": {
            "X": -10.421997,
            "Y": 8.921356,
            "Z": 831.6013
          },
          "TerritoryId": 135,
          "InteractionType": "Interact",
          "Fly": true,
          "AetheryteShortcut": "Lower La Noscea - Moraby Drydocks",
          "SkipConditions": {
            "AetheryteShortcutIf": { "InSameTerritory": true }
          }
        }
      ]
    },
    {
      "Sequence": 5,
      "Steps": [
        {
          "DataId": 2004935,
          "Position": {
            "X": 19.943481,
            "Y": 42.923584,
            "Z": 855.46655
          },
          "TerritoryId": 135,
          "InteractionType": "SinglePlayerDuty",
          "Fly": true
        }
      ]
    },
    {
      "Sequence": 255,
      "Steps": [
        {
          "DataId": 1010601,
          "Position": {
            "X": -14.755493,
            "Y": 41.39178,
            "Z": 258.13684
          },
          "TerritoryId": 137,
          "InteractionType": "Interact",
          "AetheryteShortcut": "Eastern La Noscea - Wineport",
          "SkipConditions": {
            "AetheryteShortcutIf": { "InSameTerritory": true },
            "StepIf": {
              "ExtraCondition": "DockStorehouse"
            }
          },
          "TargetTerritoryId": 137
        },
        {
          "DataId": 1010139,
          "Position": {
            "X": -33.218933,
            "Y": -24.674446,
            "Z": 257.98413
          },
          "TerritoryId": 137,
          "InteractionType": "CompleteQuest",
          "NextQuestId": 235
        }
      ]
    }
  ]
}
