{
  "$schema": "https://git.carvel.li/liza/Questionable/raw/branch/master/QuestPaths/quest-v1.json",
  "Author": "plogon_enjoyer",
  "QuestSequence": [
    {
      "Sequence": 0,
      "Steps": [
        {
          "DataId": 1005550,
          "Position": {
            "X": 105.27197,
            "Y": 15.359643,
            "Z": -357.3816
          },
          "TerritoryId": 146,
          "InteractionType": "AcceptQuest"
        }
      ]
    },
    {
      "Sequence": 1,
      "Steps": [
        {
          "Position": {
            "X": -40.402416,
            "Y": -1.1266766,
            "Z": 0.71999836
          },
          "TerritoryId": 146,
          "InteractionType": "Combat",
          "EnemySpawnType": "OverworldEnemies",
          "ComplexCombatData": [
            {
              "DataId": 358,
              "MinimumKillCount": 3
            },
            {
              "DataId": 2451,
              "MinimumKillCount": 1
            }
          ],
          "Fly": true
        }
      ]
    },
    {
      "Sequence": 255,
      "Steps": [
        {
          "DataId": 1005550,
          "Position": {
            "X": 105.27197,
            "Y": 15.359643,
            "Z": -357.3816
          },
          "TerritoryId": 146,
          "InteractionType": "CompleteQuest",
          "Fly": true
        }
      ]
    }
  ]
}
