{
  "$schema": "https://git.carvel.li/liza/Questionable/raw/branch/master/QuestPaths/quest-v1.json",
  "Author": "plogon_enjoyer",
  "QuestSequence": [
    {
      "Sequence": 0,
      "Steps": [
        {
          "DataId": 1005550,
          "Position": {
            "X": 105.27197,
            "Y": 15.359643,
            "Z": -357.3816
          },
          "TerritoryId": 146,
          "InteractionType": "AcceptQuest"
        }
      ]
    },
    {
      "Sequence": 1,
      "Steps": [
        {
          "Position": {
            "X": -9.631764,
            "Y": 4.530592,
            "Z": -52.115612
          },
          "TerritoryId": 146,
          "InteractionType": "Combat",
          "EnemySpawnType": "OverworldEnemies",
          "ComplexCombatData": [
            {
              "DataId": 2452,
              "MinimumKillCount": 2
            }
          ],
          "Fly": true
        }
      ]
    },
    {
      "Sequence": 255,
      "Steps": [
        {
          "Position": {
            "X": -74.8761,
            "Y": -1.9533517,
            "Z": -51.731575
          },
          "TerritoryId": 146,
          "InteractionType": "WalkTo"
        },
        {
          "DataId": 1005550,
          "Position": {
            "X": 105.27197,
            "Y": 15.359643,
            "Z": -357.3816
          },
          "TerritoryId": 146,
          "InteractionType": "CompleteQuest",
          "Fly": true
        }
      ]
    }
  ]
}
