{
  "$schema": "https://git.carvel.li/liza/Questionable/raw/branch/master/QuestPaths/quest-v1.json",
  "Author": "plogon_enjoyer",
  "QuestSequence": [
    {
      "Sequence": 0,
      "Steps": [
        {
          "DataId": 1005551,
          "Position": {
            "X": 98.924194,
            "Y": 15.29447,
            "Z": -349.4469
          },
          "TerritoryId": 146,
          "InteractionType": "AcceptQuest"
        }
      ]
    },
    {
      "Sequence": 1,
      "Steps": [
        {
          "Position": {
            "X": -38.375584,
            "Y": 8.492833,
            "Z": 156.09068
          },
          "TerritoryId": 146,
          "InteractionType": "Combat",
          "EnemySpawnType": "OverworldEnemies",
          "ComplexCombatData": [
            {
              "DataId": 2452,
              "MinimumKillCount": 2
            }
          ],
          "Fly": true
        }
      ]
    },
    {
      "Sequence": 255,
      "Steps": [
        {
          "DataId": 1005551,
          "Position": {
            "X": 98.924194,
            "Y": 15.29447,
            "Z": -349.4469
          },
          "TerritoryId": 146,
          "InteractionType": "CompleteQuest",
          "Fly": true
        }
      ]
    }
  ]
}
