{
    "$schema": "https://git.carvel.li/liza/Questionable/raw/branch/master/QuestPaths/quest-v1.json",
    "Author": "skiaz",
    "QuestSequence": [
      {
        "Sequence": 0,
        "Steps": [
          {
            "DataId": 1005552,
            "Position": {
                "X": 85.618286,
                "Y": 15.28719,
                "Z": -355.70312
            },
            "TerritoryId": 146,
            "InteractionType": "AcceptQuest",
            "Fly": true
          }
        ]
      },
      {
        "Sequence": 1,
        "Steps": [
          {
            "Position": {
                "X": 547.38745,
                "Y": 7.599617,
                "Z": -36.96097
            },
            "TerritoryId": 146,
            "InteractionType": "WalkTo"
          },
          {
            "Position": {
                "X": 547.38745,
                "Y": 7.599617,
                "Z": -36.96097
            },
            "TerritoryId": 146,
            "InteractionType": "Combat",
            "EnemySpawnType": "FateEnemies",
            "ComplexCombatData": [
              {
                "DataId": 740,
                "NameId": 2369,
                "MinimumKillCount": 3
              },
              {
                "DataId": 2501,
                "MinimumKillCount": 1
              }
            ]
          }
        ]
      },
      {
        "Sequence": 255,
        "Steps": [
          {
            "DataId": 1005552,
            "Position": {
                "X": 85.618286,
                "Y": 15.28719,
                "Z": -355.70312
            },
            "TerritoryId": 146,
            "InteractionType": "CompleteQuest",
            "AetheryteShortcut": "Southern Thanalan - Little Ala Mhigo",
            "Fly": true
          }
        ]
      }
    ]
  }
  