{
  "$schema": "https://git.carvel.li/liza/Questionable/raw/branch/master/GatheringPaths/gatheringlocation-v1.json",
  "Author": "liza",
  "Steps": [
    {
      "DataId": 2013074,
      "Position": {
        "X": 304.3412,
        "Y": 483.48206,
        "Z": 143.11438
      },
      "TerritoryId": 960,
      "InteractionType": "Interact",
      "TargetTerritoryId": 1073,
      "SkipConditions": {
        "StepIf": {
          "InTerritory": [
            1073
          ]
        }
      }
    },
    {
      "TerritoryId": 1073,
      "InteractionType": "None"
    }
  ],
  "Groups": [
    {
      "Nodes": [
        {
          "DataId": 34357,
          "Locations": [
            {
              "Position": {
                "X": -91.21072,
                "Y": 490.3782,
                "Z": 41.27306
              },
              "MinimumAngle": 140,
              "MaximumAngle": 360
            }
          ]
        }
      ]
    },
    {
      "Nodes": [
        {
          "DataId": 34355,
          "Locations": [
            {
              "Position": {
                "X": -118.7086,
                "Y": 490.4538,
                "Z": 34.37638
              },
              "MinimumAngle": 40,
              "MaximumAngle": 345
            }
          ]
        }
      ]
    },
    {
      "Nodes": [
        {
          "DataId": 34356,
          "Locations": [
            {
              "Position": {
                "X": -105.7026,
                "Y": 490.5684,
                "Z": 58.49864
              },
              "MinimumAngle": 0,
              "MaximumAngle": 210
            }
          ]
        }
      ]
    }
  ]
}
