{
  "$schema": "https://git.carvel.li/liza/Questionable/raw/branch/master/QuestPaths/quest-v1.json",
  "Author": "Cacahuetes",
  "QuestSequence": [
    {
      "Sequence": 0,
      "Steps": [
        {
          "DataId": 1002280,
          "Position": {
            "X": -35.385742,
            "Y": 13.599962,
            "Z": 97.24573
          },
          "TerritoryId": 131,
          "InteractionType": "AcceptQuest"
        }
      ]
    },
    {
      "Sequence": 255,
      "Steps": [
        {
          "DataId": 1004093,
          "Position": {
            "X": -25.162231,
            "Y": 12.200003,
            "Z": 110.795654
          },
          "TerritoryId": 131,
          "InteractionType": "CompleteQuest",
          "DialogueChoices": [
            {
              "Type": "YesNo",
              "Prompt": "TEXT_CLSGLD011_00608_A1_000_1",
              "Yes": true
            }
          ]
        }
      ]
    }
  ]
}
