{
  "$schema": "https://git.carvel.li/liza/Questionable/raw/branch/master/QuestPaths/quest-v1.json",
  "Author": "Censored",
  "QuestSequence": [
    {
      "Sequence": 0,
      "Steps": [
        {
          "DataId": 1009214,
          "Position": {
            "X": 159.3805,
            "Y": -5.6866503,
            "Z": 69.29114
          },
          "TerritoryId": 154,
          "InteractionType": "AcceptQuest",
          "AetheryteShortcut": "North Shroud - Fallgourd Float",
          "Fly": true,
          "SkipConditions": {
            "AetheryteShortcutIf": {
              "NearPosition": {
                "Position": {
                  "X": 153.8872,
                  "Y": -9.001622,
                  "Z": 77.50049
                },
                "TerritoryId": 154,
                "MaximumDistance": 50
              }
            }
          }
        }
      ]
    },
    {
      "Sequence": 1,
      "Steps": [
        {
          "DataId": 1009637,
          "Position": {
            "X": -156.11511,
            "Y": -9.924311,
            "Z": -92.5155
          },
          "TerritoryId": 154,
          "InteractionType": "Say",
          "ChatMessage": {
            "Key": "TEXT_BANIXA404_01501_SYSTEM_100_062"
          },
          "Fly": true,
          "Land": true
        }
      ]
    },
    {
      "Sequence": 2,
      "Steps": [
        {
          "DataId": 1009218,
          "Position": {
            "X": -4.1047363,
            "Y": -40.949986,
            "Z": 176.83679
          },
          "TerritoryId": 154,
          "InteractionType": "Interact",
          "AetheryteShortcut": "North Shroud - Fallgourd Float"
        }
      ]
    },
    {
      "Sequence": 255,
      "Steps": [
        {
          "TerritoryId": 154,
          "InteractionType": "Craft",
          "ItemId": 8108,
          "ItemCount": 3,
          "SkipConditions": {
            "StepIf": {
              "Item": {
                "NotInInventory": false
              }
            }
          }
        },
        {
          "DataId": 1009214,
          "Position": {
            "X": 159.3805,
            "Y": -5.6866503,
            "Z": 69.29114
          },
          "TerritoryId": 154,
          "InteractionType": "CompleteQuest",
          "Fly": true,
          "Land": true
        }
      ]
    }
  ]
}
