{
  "$schema": "https://git.carvel.li/liza/Questionable/raw/branch/master/QuestPaths/quest-v1.json",
  "Author": "Censored",
  "QuestSequence": [
    {
      "Sequence": 0,
      "Steps": [
        {
          "DataId": 1009212,
          "Position": {
            "X": 151.29321,
            "Y": -9.752633,
            "Z": 79.697754
          },
          "TerritoryId": 154,
          "InteractionType": "AcceptQuest",
          "AetheryteShortcut": "North Shroud - Fallgourd Float",
          "Fly": true,
          "SkipConditions": {
            "AetheryteShortcutIf": {
              "NearPosition": {
                "Position": {
                  "X": 151.29321,
                  "Y": -9.752633,
                  "Z": 79.697754
                },
                "TerritoryId": 154,
                "MaximumDistance": 50
              }
            }
          }
        }
      ]
    },
    {
      "Sequence": 1,
      "Steps": [
        {
          "Position": {
            "X": 18.913702,
            "Y": -50.22517,
            "Z": 533.0378
          },
          "TerritoryId": 154,
          "TargetTerritoryId": 148,
          "InteractionType": "WalkTo",
          "Fly": true,
          "SkipConditions": {
            "StepIf": {
              "InTerritory": [
                148
              ]
            }
          }
        },
        {
          "DataId": 1009634,
          "Position": {
            "X": -410.1778,
            "Y": 64.43958,
            "Z": -244.00702
          },
          "TerritoryId": 148,
          "InteractionType": "Say",
          "ChatMessage": {
            "Key": "TEXT_BANIXA204_01507_SYSTEM_100_062"
          },
          "Fly": true
        }
      ]
    },
    {
      "Sequence": 2,
      "Steps": [
        {
          "DataId": 1009218,
          "Position": {
            "X": -4.1047363,
            "Y": -40.949986,
            "Z": 176.83679
          },
          "TerritoryId": 154,
          "InteractionType": "Interact",
          "AetheryteShortcut": "North Shroud - Fallgourd Float"
        }
      ]
    },
    {
      "Sequence": 255,
      "Steps": [
        {
          "TerritoryId": 154,
          "InteractionType": "Craft",
          "ItemId": 8098,
          "ItemCount": 1,
          "SkipConditions": {
            "StepIf": {
              "Item": {
                "NotInInventory": false
              }
            }
          }
        },
        {
          "DataId": 1009212,
          "Position": {
            "X": 151.29321,
            "Y": -9.752633,
            "Z": 79.697754
          },
          "TerritoryId": 154,
          "InteractionType": "CompleteQuest",
          "Fly": true
        }
      ]
    }
  ]
}
