{
  "$schema": "https://git.carvel.li/liza/Questionable/raw/branch/master/QuestPaths/quest-v1.json",
  "Author": "Censored",
  "QuestSequence": [
    {
      "Sequence": 0,
      "Steps": [
        {
          "DataId": 1009212,
          "Position": {
            "X": 151.29321,
            "Y": -9.752633,
            "Z": 79.697754
          },
          "TerritoryId": 154,
          "InteractionType": "AcceptQuest",
          "AetheryteShortcut": "North Shroud - Fallgourd Float",
          "Fly": true,
          "SkipConditions": {
            "AetheryteShortcutIf": {
              "NearPosition": {
                "Position": {
                  "X": 151.29321,
                  "Y": -9.752633,
                  "Z": 79.697754
                },
                "TerritoryId": 154,
                "MaximumDistance": 50
              }
            }
          }
        }
      ]
    },
    {
      "Sequence": 1,
      "Steps": [
        {
          "DataId": 1006258,
          "Position": {
            "X": -246.479,
            "Y": -31.537203,
            "Z": 392.5382
          },
          "TerritoryId": 154,
          "InteractionType": "Interact",
          "Fly": true,
          "Land": true
        }
      ]
    },
    {
      "Sequence": 2,
      "Steps": [
        {
          "DataId": 1009218,
          "Position": {
            "X": -4.1047363,
            "Y": -40.949986,
            "Z": 176.83679
          },
          "TerritoryId": 154,
          "InteractionType": "Interact",
          "AetheryteShortcut": "North Shroud - Fallgourd Float"
        }
      ]
    },
    {
      "Sequence": 255,
      "Steps": [
        {
          "TerritoryId": 154,
          "InteractionType": "Craft",
          "ItemId": 8099,
          "ItemCount": 2,
          "SkipConditions": {
            "StepIf": {
              "Item": {
                "NotInInventory": false
              }
            }
          }
        },
        {
          "DataId": 1009212,
          "Position": {
            "X": 151.29321,
            "Y": -9.752633,
            "Z": 79.697754
          },
          "TerritoryId": 154,
          "InteractionType": "CompleteQuest",
          "Fly": true
        }
      ]
    }
  ]
}
