{
    "$schema": "https://git.carvel.li/liza/Questionable/raw/branch/master/QuestPaths/quest-v1.json",
    "Author": "Censored",
    "QuestSequence": [
        {
            "Sequence": 0,
            "Steps": [
                {
                    "Position": {
                        "X": 161.94475,
                        "Y": -4.690532,
                        "Z": 63.927406
                    },
                    "TerritoryId": 154,
                    "InteractionType": "WalkTo",
                    "AetheryteShortcut": "North Shroud - Fallgourd Float",
                    "Fly": true,
                    "Land": true,
                    "SkipConditions": {
                        "StepIf": {
                            "NearPosition": {
                                "Position": {
                                    "X": 159.28894,
                                    "Y": -3.6960998,
                                    "Z": 64.286255
                                },
                                "TerritoryId": 154,
                                "MaximumDistance": 50
                            }
                        }
                    }
                },
                {
                    "DataId": 1009213,
                    "Position": {
                        "X": 159.28894,
                        "Y": -3.6960998,
                        "Z": 64.286255
                    },
                    "TerritoryId": 154,
                    "InteractionType": "AcceptQuest"
                }
            ]
        },
        {
            "Sequence": 1,
            "Steps": [
                {
                    "TerritoryId": 155,
                    "InteractionType": "SwitchClass",
                    "TargetClass": "ConfiguredCombatJob"
                },
                {
                    "Position": {
                        "X": -238.96973,
                        "Y": 225.51239,
                        "Z": 425.29025
                    },
                    "TerritoryId": 155,
                    "InteractionType": "Combat",
                    "EnemySpawnType": "OverworldEnemies",
                    "KillEnemyDataIds": [
                        191
                    ],
                    "AetheryteShortcut": "Coerthas Central Highlands - Camp Dragonhead",
                    "Fly": true,
                    "SkipConditions": {
                        "AetheryteShortcutIf": {
                            "InSameTerritory": true
                        }
                    }
                }
            ]
        },
        {
            "Sequence": 2,
            "Steps": [
                {
                    "Position": {
                        "X": 244.82239,
                        "Y": 222.01717,
                        "Z": 352.99496
                    },
                    "TerritoryId": 155,
                    "InteractionType": "WalkTo",
                    "Fly": true,
                    "Land": true
                },
                {
                    "DataId": 1009219,
                    "Position": {
                        "X": 251.11768,
                        "Y": 222,
                        "Z": 366.2317
                    },
                    "TerritoryId": 155,
                    "InteractionType": "Interact"
                }
            ]
        },
        {
            "Sequence": 255,
            "Steps": [
                {
                    "TerritoryId": 155,
                    "InteractionType": "Craft",
                    "ItemId": 8103,
                    "ItemCount": 1,
                    "SkipConditions": {
                        "StepIf": {
                            "Item": {
                                "NotInInventory": false
                            }
                        }
                    }
                },
                {
                    "Position": {
                        "X": 161.94475,
                        "Y": -4.690532,
                        "Z": 63.927406
                    },
                    "TerritoryId": 154,
                    "InteractionType": "WalkTo",
                    "AetheryteShortcut": "North Shroud - Fallgourd Float",
                    "Fly": true,
                    "Land": true,
                    "SkipConditions": {
                        "StepIf": {
                            "NearPosition": {
                                "Position": {
                                    "X": 159.28894,
                                    "Y": -3.6960998,
                                    "Z": 64.286255
                                },
                                "TerritoryId": 154,
                                "MaximumDistance": 50
                            }
                        }
                    }
                },
                {
                    "DataId": 1009213,
                    "Position": {
                        "X": 159.28894,
                        "Y": -3.6960998,
                        "Z": 64.286255
                    },
                    "TerritoryId": 154,
                    "InteractionType": "CompleteQuest"
                }
            ]
        }
    ]
}