{
    "$schema": "https://git.carvel.li/liza/Questionable/raw/branch/master/QuestPaths/quest-v1.json",
    "Author": "Censored",
    "QuestSequence": [
        {
            "Sequence": 0,
            "Steps": [
                {
                    "DataId": 1009216,
                    "Position": {
                        "X": 164.35486,
                        "Y": -22.797548,
                        "Z": 114.64099
                    },
                    "TerritoryId": 154,
                    "InteractionType": "AcceptQuest",
                    "AetheryteShortcut": "North Shroud - Fallgourd Float",
                    "Fly": true,
                    "Land": true,
                    "SkipConditions": {
                        "AetheryteShortcutIf": {
                            "NearPosition": {
                                "Position": {
                                    "X": 153.8872,
                                    "Y": -9.001622,
                                    "Z": 77.50049
                                },
                                "TerritoryId": 154,
                                "MaximumDistance": 50
                            }
                        }
                    }
                }
            ]
        },
        {
            "Sequence": 1,
            "Steps": [
                {
                    "TerritoryId": 155,
                    "InteractionType": "SwitchClass",
                    "TargetClass": "Miner"
                },
                {
                    "TerritoryId": 155,
                    "InteractionType": "Gather",
                    "ItemsToGather": [
                        {
                            "ItemId": 2001426,
                            "ItemCount": 15
                        },
                        {
                            "ItemId": 2001427,
                            "ItemCount": 5
                        }
                    ]
                }
            ]
        },
        {
            "Sequence": 2,
            "Steps": [
                {
                    "DataId": 1009647,
                    "Position": {
                        "X": 204.97437,
                        "Y": 302.26498,
                        "Z": -250.84308
                    },
                    "TerritoryId": 155,
                    "InteractionType": "Interact",
                    "AetheryteShortcut": "Coerthas Central Highlands - Camp Dragonhead"
                }
            ]
        },
        {
            "Sequence": 3,
            "Steps": [
                {
                    "DataId": 1009221,
                    "Position": {
                        "X": 202.13623,
                        "Y": 301.99976,
                        "Z": -253.55927
                    },
                    "TerritoryId": 155,
                    "InteractionType": "Interact"
                }
            ]
        },
        {
            "Sequence": 255,
            "Steps": [
                {
                    "TerritoryId": 155,
                    "InteractionType": "Craft",
                    "ItemId": 8122,
                    "ItemCount": 2,
                    "SkipConditions": {
                        "StepIf": {
                            "Item": {
                                "NotInInventory": false
                            }
                        }
                    }
                },
                {
                    "DataId": 1009216,
                    "Position": {
                        "X": 164.35486,
                        "Y": -22.797548,
                        "Z": 114.64099
                    },
                    "TerritoryId": 154,
                    "InteractionType": "CompleteQuest",
                    "AetheryteShortcut": "North Shroud - Fallgourd Float",
                    "Fly": true,
                    "Land": true,
                    "SkipConditions": {
                        "AetheryteShortcutIf": {
                            "NearPosition": {
                                "Position": {
                                    "X": 153.8872,
                                    "Y": -9.001622,
                                    "Z": 77.50049
                                },
                                "TerritoryId": 154,
                                "MaximumDistance": 50
                            }
                        }
                    }
                }
            ]
        }
    ]
}
