{
    "$schema": "https://git.carvel.li/liza/Questionable/raw/branch/master/QuestPaths/quest-v1.json",
    "Author": "Censored",
    "QuestSequence": [
        {
            "Sequence": 0,
            "Steps": [
                {
                    "DataId": 1009216,
                    "Position": {
                        "X": 164.35486,
                        "Y": -22.797548,
                        "Z": 114.64099
                    },
                    "TerritoryId": 154,
                    "InteractionType": "AcceptQuest",
                    "AetheryteShortcut": "North Shroud - Fallgourd Float",
                    "Fly": true,
                    "Land": true,
                    "SkipConditions": {
                        "AetheryteShortcutIf": {
                            "NearPosition": {
                                "Position": {
                                    "X": 153.8872,
                                    "Y": -9.001622,
                                    "Z": 77.50049
                                },
                                "TerritoryId": 154,
                                "MaximumDistance": 50
                            }
                        }
                    }
                }
            ]
        },
        {
            "Sequence": 1,
            "Steps": [
                {
                    "DataId": 2004490,
                    "Position": {
                        "X": 596.704,
                        "Y": 303.5476,
                        "Z": -89.982544
                    },
                    "TerritoryId": 155,
                    "InteractionType": "Interact",
                    "AetheryteShortcut": "Coerthas Central Highlands - Camp Dragonhead",
                    "Fly": true,
                    "Land": true,
                    "SkipConditions": {
                        "AetheryteShortcutIf": {
                            "InSameTerritory": true
                        }
                    },
                    "CompletionQuestVariablesFlags": [
                        null,
                        null,
                        null,
                        null,
                        null,
                        128
                    ]
                },
                {
                    "DataId": 2004491,
                    "Position": {
                        "X": 638.239,
                        "Y": 304.7379,
                        "Z": -93.888794
                    },
                    "TerritoryId": 155,
                    "InteractionType": "Interact",
                    "CompletionQuestVariablesFlags": [
                        null,
                        null,
                        null,
                        null,
                        null,
                        64
                    ]
                },
                {
                    "DataId": 2004492,
                    "Position": {
                        "X": 618.95166,
                        "Y": 301.13672,
                        "Z": -43.47296
                    },
                    "TerritoryId": 155,
                    "InteractionType": "Interact"
                }
            ]
        },
        {
            "Sequence": 2,
            "Steps": [
                {
                    "DataId": 1009221,
                    "Position": {
                        "X": 202.13623,
                        "Y": 301.99976,
                        "Z": -253.55927
                    },
                    "TerritoryId": 155,
                    "InteractionType": "Interact",
                    "AetheryteShortcut": "Coerthas Central Highlands - Camp Dragonhead"
                }
            ]
        },
        {
            "Sequence": 255,
            "Steps": [
                {
                    "TerritoryId": 155,
                    "InteractionType": "Craft",
                    "ItemId": 8126,
                    "ItemCount": 1,
                    "SkipConditions": {
                        "StepIf": {
                            "Item": {
                                "NotInInventory": false
                            }
                        }
                    }
                },
                {
                    "DataId": 1009216,
                    "Position": {
                        "X": 164.35486,
                        "Y": -22.797548,
                        "Z": 114.64099
                    },
                    "TerritoryId": 154,
                    "InteractionType": "CompleteQuest",
                    "AetheryteShortcut": "North Shroud - Fallgourd Float",
                    "Fly": true,
                    "Land": true,
                    "SkipConditions": {
                        "AetheryteShortcutIf": {
                            "NearPosition": {
                                "Position": {
                                    "X": 153.8872,
                                    "Y": -9.001622,
                                    "Z": 77.50049
                                },
                                "TerritoryId": 154,
                                "MaximumDistance": 50
                            }
                        }
                    }
                }
            ]
        }
    ]
}