{
    "$schema": "https://git.carvel.li/liza/Questionable/raw/branch/master/QuestPaths/quest-v1.json",
    "Author": "Censored",
    "QuestSequence": [
        {
            "Sequence": 0,
            "Steps": [
                {
                    "DataId": 1009216,
                    "Position": {
                        "X": 164.35486,
                        "Y": -22.797548,
                        "Z": 114.64099
                    },
                    "TerritoryId": 154,
                    "InteractionType": "AcceptQuest",
                    "AetheryteShortcut": "North Shroud - Fallgourd Float",
                    "Fly": true,
                    "Land": true,
                    "SkipConditions": {
                        "AetheryteShortcutIf": {
                            "NearPosition": {
                                "Position": {
                                    "X": 153.8872,
                                    "Y": -9.001622,
                                    "Z": 77.50049
                                },
                                "TerritoryId": 154,
                                "MaximumDistance": 50
                            }
                        }
                    }
                }
            ]
        },
        {
            "Sequence": 1,
            "Steps": [
                {
                    "DataId": 1009649,
                    "Position": {
                        "X": 627.8019,
                        "Y": 300.56494,
                        "Z": -16.434021
                    },
                    "TerritoryId": 155,
                    "InteractionType": "Say",
                    "AetheryteShortcut": "Coerthas Central Highlands - Camp Dragonhead",
                    "ChatMessage": {
                        "Key": "TEXT_BANIXA607_01568_SYSTEM_100_062"
                    },
                    "Fly": true,
                    "Land": true
                }
            ]
        },
        {
            "Sequence": 2,
            "Steps": [
                {
                    "DataId": 1009221,
                    "Position": {
                        "X": 202.13623,
                        "Y": 301.99976,
                        "Z": -253.55927
                    },
                    "TerritoryId": 155,
                    "InteractionType": "Interact",
                    "AetheryteShortcut": "Coerthas Central Highlands - Camp Dragonhead"
                }
            ]
        },
        {
            "Sequence": 255,
            "Steps": [
                {
                    "TerritoryId": 155,
                    "InteractionType": "Craft",
                    "ItemId": 8127,
                    "ItemCount": 2,
                    "SkipConditions": {
                        "StepIf": {
                            "Item": {
                                "NotInInventory": false
                            }
                        }
                    }
                },
                {
                    "DataId": 1009216,
                    "Position": {
                        "X": 164.35486,
                        "Y": -22.797548,
                        "Z": 114.64099
                    },
                    "TerritoryId": 154,
                    "InteractionType": "CompleteQuest",
                    "AetheryteShortcut": "North Shroud - Fallgourd Float",
                    "Fly": true,
                    "Land": true,
                    "SkipConditions": {
                        "AetheryteShortcutIf": {
                            "NearPosition": {
                                "Position": {
                                    "X": 153.8872,
                                    "Y": -9.001622,
                                    "Z": 77.50049
                                },
                                "TerritoryId": 154,
                                "MaximumDistance": 50
                            }
                        }
                    }
                }
            ]
        }
    ]
}