{
  "$schema": "https://git.carvel.li/liza/Questionable/raw/branch/master/QuestPaths/quest-v1.json",
  "Author": "JerryWester",
  "QuestSequence": [
    {
      "Sequence": 0,
      "Steps": [
        {
          "DataId": 1007753,
          "Position": {
            "X": 17.990356,
            "Y": 20.385572,
            "Z": -665.79694
          },
          "TerritoryId": 156,
          "InteractionType": "AcceptQuest",
          "AetheryteShortcut": "Mor Dhona",
          "SkipConditions": {
            "AetheryteShortcutIf": {
              "InSameTerritory": true
            }
          }
        }
      ]
    },
    {
      "Sequence": 1,
      "Steps": [
        {
          "Position": {
            "X": 445.96164,
            "Y": -5.3604937,
            "Z": -466.67636
          },
          "TerritoryId": 156,
          "InteractionType": "WalkTo",
          "Fly": true
        },
        {
          "DataId": 1006725,
          "Position": {
            "X": 446.82983,
            "Y": -5.306207,
            "Z": -465.72064
          },
          "TerritoryId": 156,
          "InteractionType": "Interact"
        }
      ]
    },
    {
      "Sequence": 2,
      "Steps": [
        {
          "DataId": 1006725,
          "Position": {
            "X": 446.82983,
            "Y": -5.306207,
            "Z": -465.72064
          },
          "TerritoryId": 156,
          "InteractionType": "Interact"
        }
      ]
    },
    {
      "Sequence": 3,
      "Steps": [
        {
          "Position": {
            "X": 287.2875,
            "Y": 41.545933,
            "Z": -200.75758
          },
          "TerritoryId": 139,
          "InteractionType": "WalkTo",
          "Fly": true,
          "AetheryteShortcut": "Upper La Noscea - Camp Bronze Lake",
          "SkipConditions": {
            "StepIf": {
              "CompletionQuestVariablesFlags": [
                null,
                null,
                null,
                null,
                null,
                128
              ]
            }
          }
        },
        {
          "Position": {
            "X": 285.82883,
            "Y": 42.26685,
            "Z": -203.32939
          },
          "TerritoryId": 139,
          "InteractionType": "WalkTo",
          "TargetTerritoryId": 180,
          "SkipConditions": {
            "StepIf": {
              "CompletionQuestVariablesFlags": [
                null,
                null,
                null,
                null,
                null,
                128
              ]
            }
          }
        },
        {
          "Position": {
            "X": -114.35803,
            "Y": 64.464615,
            "Z": -217.34372
          },
          "TerritoryId": 180,
          "InteractionType": "WalkTo",
          "Fly": true,
          "SkipConditions": {
            "StepIf": {
              "CompletionQuestVariablesFlags": [
                null,
                null,
                null,
                null,
                null,
                128
              ]
            }
          }
        },
        {
          "TerritoryId": 180,
          "InteractionType": "AttuneAetheryte",
          "Aetheryte": "Outer La Noscea - Camp Overlook",
          "SkipConditions": {
            "StepIf": {
              "CompletionQuestVariablesFlags": [
                null,
                null,
                null,
                null,
                null,
                128
              ]
            }
          }
        },
        {
          "Position": {
            "X": 72.39681,
            "Y": 58.74831,
            "Z": -517.9883
          },
          "TerritoryId": 180,
          "InteractionType": "WalkTo",
          "Fly": true,
          "SkipConditions": {
            "StepIf": {
              "CompletionQuestVariablesFlags": [
                null,
                null,
                null,
                null,
                null,
                128
              ]
            }
          }
        },
        {
          "Position": {
            "X": 111.84353,
            "Y": 28.346682,
            "Z": -610.36945
          },
          "TerritoryId": 180,
          "InteractionType": "WalkTo",
          "Fly": true,
          "SkipConditions": {
            "StepIf": {
              "CompletionQuestVariablesFlags": [
                null,
                null,
                null,
                null,
                null,
                128
              ]
            }
          }
        },
        {
          "Position": {
            "X": 102.67392,
            "Y": 21.581085,
            "Z": -633.5837
          },
          "TerritoryId": 180,
          "InteractionType": "WalkTo",
          "Fly": true,
          "SkipConditions": {
            "StepIf": {
              "CompletionQuestVariablesFlags": [
                null,
                null,
                null,
                null,
                null,
                128
              ]
            }
          }
        },
        {
          "DataId": 2000075,
          "Position": {
            "X": 102.15906,
            "Y": 21.560913,
            "Z": -632.8679
          },
          "TerritoryId": 180,
          "InteractionType": "Combat",
          "EnemySpawnType": "AfterInteraction",
          "KillEnemyDataIds": [
            9487
          ],
          "$": "0 0  0 0  0 0 -> 16 17  0 0  0 128",
          "CompletionQuestVariablesFlags": [
            null,
            null,
            null,
            null,
            null,
            128
          ]
        },
        {
          "Position": {
            "X": -487.1432,
            "Y": -32.409756,
            "Z": -369.94928
          },
          "TerritoryId": 138,
          "InteractionType": "WalkTo",
          "Fly": true,
          "AetheryteShortcut": "Western La Noscea - Aleport",
          "SkipConditions": {
            "StepIf": {
              "CompletionQuestVariablesFlags": [
                null,
                null,
                null,
                null,
                null,
                64
              ]
            }
          }
        },
        {
          "DataId": 2000076,
          "Position": {
            "X": -486.86963,
            "Y": -32.455933,
            "Z": -368.8258
          },
          "TerritoryId": 138,
          "InteractionType": "Combat",
          "EnemySpawnType": "AfterInteraction",
          "KillEnemyDataIds": [
            9488
          ],
          "$": "16 17  0 0  0 128 -> 0 17  0 0  0 0",
          "CompletionQuestVariablesFlags": [
            null,
            null,
            null,
            null,
            null,
            64
          ]
        }
      ]
    },
    {
      "Sequence": 4,
      "Steps": [
        {
          "Position": {
            "X": 446.57513,
            "Y": -5.352314,
            "Z": -466.78467
          },
          "TerritoryId": 156,
          "InteractionType": "WalkTo",
          "Fly": true,
          "AetheryteShortcut": "Mor Dhona"
        },
        {
          "DataId": 1006725,
          "Position": {
            "X": 446.82983,
            "Y": -5.306207,
            "Z": -465.72064
          },
          "TerritoryId": 156,
          "InteractionType": "Interact"
        }
      ]
    },
    {
      "Sequence": 5,
      "Steps": [
        {
          "Position": {
            "X": -155.21196,
            "Y": 46.52775,
            "Z": -319.86398
          },
          "TerritoryId": 146,
          "InteractionType": "WalkTo",
          "Fly": true,
          "AetheryteShortcut": "Southern Thanalan - Little Ala Mhigo"
        },
        {
          "Position": {
            "X": 3.8795898,
            "Y": 38.80212,
            "Z": 0.40251642
          },
          "TerritoryId": 146,
          "InteractionType": "WalkTo",
          "Fly": true
        },
        {
          "DataId": 2000077,
          "Position": {
            "X": 233.3562,
            "Y": 7.9804688,
            "Z": -22.720703
          },
          "TerritoryId": 146,
          "InteractionType": "Combat",
          "EnemySpawnType": "AfterInteraction",
          "KillEnemyDataIds": [
            9489
          ],
          "$": "0 0  0 0  0 0 -> 16 17  0 0  0 128",
          "CompletionQuestVariablesFlags": [
            null,
            null,
            null,
            null,
            null,
            128
          ],
          "Fly": true,
          "DisableNavmesh": true
        },
        {
          "DataId": 2000078,
          "Position": {
            "X": 613.5499,
            "Y": 301.8081,
            "Z": -101.42676
          },
          "TerritoryId": 155,
          "InteractionType": "Combat",
          "EnemySpawnType": "AfterInteraction",
          "KillEnemyDataIds": [
            9490
          ],
          "Fly": true,
          "AetheryteShortcut": "Coerthas Central Highlands - Camp Dragonhead",
          "$": "16 17  0 0  0 128 -> 0 17  0 0  0 0",
          "CompletionQuestVariablesFlags": [
            null,
            null,
            null,
            null,
            null,
            64
          ]
        }
      ]
    },
    {
      "Sequence": 255,
      "Steps": [
        {
          "Position": {
            "X": 446.49927,
            "Y": -5.364953,
            "Z": -467.05328
          },
          "TerritoryId": 156,
          "InteractionType": "WalkTo",
          "Fly": true,
          "AetheryteShortcut": "Mor Dhona"
        },
        {
          "DataId": 1006725,
          "Position": {
            "X": 446.82983,
            "Y": -5.306207,
            "Z": -465.72064
          },
          "TerritoryId": 156,
          "InteractionType": "CompleteQuest",
          "NextQuestId": 1200
        }
      ]
    }
  ]
}
