{
  "$schema": "https://git.carvel.li/liza/Questionable/raw/branch/master/QuestPaths/quest-v1.json",
  "Author": "Cacahuetes",
  "QuestSequence": [
    {
      "Sequence": 0,
      "Steps": [
        {
          "DataId": 1002281,
          "Position": {
            "X": -115.739685,
            "Y": 41.600117,
            "Z": 118.88306
          },
          "TerritoryId": 131,
          "InteractionType": "AcceptQuest",
          "AetheryteShortcut": "Ul'dah",
          "AethernetShortcut": [
            "[Ul'dah] Aetheryte Plaza",
            "[Ul'dah] Alchemists' Guild"
          ],
          "SkipConditions": {
            "AetheryteShortcutIf": {
              "InSameTerritory": true,
              "InTerritory": [
                131
              ]
            }
          },
          "DialogueChoices": [
            {
              "Type": "YesNo",
              "Prompt": "TEXT_CLSALC001_00190_Q1_1",
              "Yes": true
            }
          ]
        }
      ]
    }
  ]
}
